series_id,user_id,description,category,direction,currency,n_dates,median_gap,interval_iqr,amount_cv,cadence
0,user_100,apartment rent transfer,rent,debit,ZAR,6,31.0,1.0,0.0,monthly_candidate
1,user_100,bulk pantry shop,groceries,debit,ZAR,4,28.0,7.0,0.19730293445839409,monthly_candidate
5,user_100,fresh food shop,groceries,debit,ZAR,7,14.0,24.5,0.16799379189458127,other
9,user_100,household shopping,shopping,debit,ZAR,5,30.5,1.25,0.030336522915037904,monthly_candidate
13,user_100,metro and bus fares,transport,debit,ZAR,6,14.0,21.0,0.12466081876710985,other
14,user_100,municipal utilities,utilities,debit,ZAR,6,31.0,1.0,0.08477745160978976,monthly_candidate
15,user_100,neighbourhood grocer,groceries,debit,ZAR,4,14.0,35.0,0.20605826947437292,other
18,user_100,payroll credit,salary,credit,ZAR,5,30.5,1.25,0.0,monthly_candidate
19,user_100,personal loan payment,debt_repayment,debit,ZAR,5,30.5,1.25,0.0,monthly_candidate
21,user_100,rail pass,transport,debit,ZAR,5,10.5,19.25,0.14014405356461218,other
23,user_100,shared storage plan,cloud_storage,debit,ZAR,5,30.5,1.25,0.0,monthly_candidate
24,user_100,streaming subscription,streaming,debit,ZAR,5,30.5,1.25,0.0,monthly_candidate
29,user_100,weekly produce market,groceries,debit,ZAR,4,35.0,21.0,0.13799938173855436,other
31,user_101,bulk pantry shop,groceries,debit,INR,4,20.0,65.0,0.13919790732416518,other
32,user_101,child education fee,education,debit,INR,5,30.5,1.0,0.0,monthly_candidate
33,user_101,diagnostic test,healthcare,debit,INR,5,30.5,1.0,0.05231224354060356,monthly_candidate
37,user_101,health insurance premium,insurance,debit,INR,5,30.5,1.0,0.0,monthly_candidate
39,user_101,household utility payment,utilities,debit,INR,5,30.5,1.0,0.060534626412049715,monthly_candidate
43,user_101,monthly entertainment spend,entertainment,debit,INR,5,30.5,1.0,0.0722116195433385,monthly_candidate
46,user_101,online backup subscription,cloud_storage,debit,INR,5,30.5,1.0,0.0,monthly_candidate
48,user_101,payroll credit,salary,credit,INR,5,30.5,1.0,0.0,monthly_candidate
51,user_101,property maintenance contribution,housing,debit,INR,5,30.5,1.0,0.0,monthly_candidate
58,user_101,weekly produce market,groceries,debit,INR,4,10.0,30.0,0.06885524063767552,other
64,user_102,energy provider bill,utilities,debit,EUR,5,30.5,1.5,0.0839875855024331,monthly_candidate
65,user_102,family streaming plan,streaming,debit,EUR,5,30.5,1.5,0.0,monthly_candidate
70,user_102,household groceries,groceries,debit,EUR,5,25.0,30.0,0.18454185638259332,other
71,user_102,household shopping,shopping,debit,EUR,5,30.5,1.5,0.05299539524980085,monthly_candidate
78,user_102,online backup subscription,cloud_storage,debit,EUR,5,30.5,1.5,0.0,monthly_candidate
80,user_102,shared housing rent,rent,debit,EUR,6,31.0,1.0,1.645727239745455e-16,monthly_candidate
86,user_103,bulk pantry shop,groceries,debit,INR,4,14.0,56.0,0.11525132560467383,other
88,user_103,community fitness plan,gym,debit,INR,5,30.5,1.0,0.0,monthly_candidate
89,user_103,commuter pass,transport,debit,INR,5,17.5,12.25,0.030940962635352114,other
93,user_103,games and recreation,entertainment,debit,INR,5,30.5,1.0,0.03601720132476328,monthly_candidate
94,user_103,grocery delivery,groceries,debit,INR,4,28.0,21.0,0.09943038913812385,monthly_candidate
95,user_103,grocery delivery membership,delivery_membership,debit,INR,5,30.5,1.0,0.0,monthly_candidate
96,user_103,household groceries,groceries,debit,INR,4,21.0,10.5,0.1883748584682871,other
97,user_103,household utility payment,utilities,debit,INR,5,30.5,1.0,0.0645801615034183,monthly_candidate
98,user_103,local market purchase,groceries,debit,INR,6,14.0,14.0,0.17134270230285814,other
102,user_103,monthly rent,rent,debit,INR,6,31.0,1.0,0.0,monthly_candidate
103,user_103,music subscription,music_subscription,debit,INR,5,30.5,1.0,0.0,monthly_candidate
106,user_103,parking and tolls,transport,debit,INR,4,14.0,24.5,0.10436816709046932,other
107,user_103,payroll credit,salary,credit,INR,5,30.5,1.0,0.1544723261214617,monthly_candidate
109,user_103,rail pass,transport,debit,INR,5,14.0,15.75,0.1424954367719784,other
117,user_104,apartment rent transfer,rent,debit,ZAR,6,31.0,1.0,0.0,monthly_candidate
118,user_104,base salary,salary,credit,ZAR,5,30.5,1.0,0.0,monthly_candidate
121,user_104,energy provider bill,utilities,debit,ZAR,5,30.5,1.0,0.047939521149246864,monthly_candidate
122,user_104,family support payment,family_support,debit,ZAR,5,30.5,1.0,0.0,monthly_candidate
123,user_104,fresh food shop,groceries,debit,ZAR,7,17.5,7.0,0.16402313410044286,other
127,user_104,local market purchase,groceries,debit,ZAR,5,35.0,12.25,0.053022415142434,other
132,user_104,online backup subscription,cloud_storage,debit,ZAR,5,30.5,1.0,0.0,monthly_candidate
134,user_104,personal shopping,shopping,debit,ZAR,5,30.5,1.0,0.04868442320810303,monthly_candidate
136,user_104,regular medicine purchase,healthcare,debit,ZAR,5,30.5,1.0,0.06474936346023162,monthly_candidate
138,user_104,supermarket basket,groceries,debit,ZAR,5,17.5,10.5,0.1361830117800857,other
140,user_104,vehicle loan payment,debt_repayment,debit,ZAR,5,30.5,1.0,0.0,monthly_candidate
143,user_105,apartment rent transfer,rent,debit,INR,6,31.0,1.0,0.0,monthly_candidate
144,user_105,bakery and snacks,dining,debit,INR,6,21.0,14.0,0.23467590075944866,other
148,user_105,family dinner,dining,debit,INR,4,28.0,49.0,0.06804737125498725,monthly_candidate
150,user_105,fuel refill,transport,debit,INR,5,40.0,38.75,0.06310842559210465,other
153,user_105,household insurance,insurance,debit,INR,6,31.0,1.0,0.0,monthly_candidate
154,user_105,household shopping,shopping,debit,INR,5,30.5,1.5,0.07482783806030882,monthly_candidate
157,user_105,local taxi,transport,debit,INR,8,15.0,5.0,0.17152420219979678,other
159,user_105,metro and bus fares,transport,debit,INR,7,12.5,20.0,0.15706731075042624,other
160,user_105,monthly entertainment spend,entertainment,debit,INR,5,30.5,1.5,0.08412952591312857,monthly_candidate
162,user_105,neighbourhood restaurant,dining,debit,INR,5,35.0,33.25,0.18533530109050017,other
163,user_105,online backup subscription,cloud_storage,debit,INR,5,30.5,1.5,0.0,monthly_candidate
164,user_105,parking and tolls,transport,debit,INR,4,70.0,37.5,0.14395361627423459,other
165,user_105,payroll credit,salary,credit,INR,5,30.5,1.5,0.0,monthly_candidate
167,user_105,rail pass,transport,debit,INR,4,10.0,52.5,0.17952199583274675,other
169,user_105,streaming subscription,streaming,debit,INR,5,30.5,1.5,0.0,monthly_candidate
170,user_105,supermarket basket,groceries,debit,INR,4,50.0,15.0,0.1282143683985075,other
172,user_105,vehicle charging,transport,debit,INR,4,55.0,22.5,0.23314793672057849,other
173,user_105,water and power payment,utilities,debit,INR,6,31.0,1.0,0.07068989424909071,monthly_candidate
175,user_106,audio streaming plan,music_subscription,debit,EUR,5,31.0,0.25,0.0,monthly_candidate
178,user_106,commuter pass,transport,debit,EUR,4,42.0,0.0,0.18542597635700117,other
179,user_106,credit card repayment,debt_repayment,debit,EUR,5,31.0,0.25,0.0,monthly_candidate
183,user_106,household utility payment,utilities,debit,EUR,5,31.0,0.25,0.06675016795836686,monthly_candidate
184,user_106,landlord standing order,rent,debit,EUR,5,31.0,0.25,0.0,monthly_candidate
191,user_106,previous employer payroll,salary,credit,EUR,4,31.0,0.5,0.0,monthly_candidate
199,user_107,audio streaming plan,music_subscription,debit,EUR,5,31.0,0.75,0.0,monthly_candidate
203,user_107,commuter pass,transport,debit,EUR,7,24.5,22.75,0.11001067373560118,other
204,user_107,energy provider bill,utilities,debit,EUR,5,31.0,0.75,0.04635238388222094,monthly_candidate
206,user_107,food delivery membership,delivery_membership,debit,EUR,5,31.0,0.75,0.0,monthly_candidate
209,user_107,grocery delivery,groceries,debit,EUR,4,28.0,14.0,0.2134712871602673,monthly_candidate
211,user_107,landlord standing order,rent,debit,EUR,6,31.0,1.0,0.0,monthly_candidate
215,user_107,metro and bus fares,transport,debit,EUR,4,7.0,59.5,0.0839990442029088,weekly_candidate
222,user_107,school fee payment,education,debit,EUR,5,31.0,0.75,0.0,monthly_candidate
226,user_107,vehicle loan payment,debt_repayment,debit,EUR,5,31.0,0.75,0.0,monthly_candidate
228,user_107,weekly produce market,groceries,debit,EUR,4,28.0,56.0,0.059334492887403896,monthly_candidate
231,user_108,base salary,salary,credit,ZAR,5,30.5,1.5,0.0,monthly_candidate
232,user_108,building maintenance payment,housing,debit,ZAR,6,30.0,1.0,0.0,monthly_candidate
235,user_108,electricity bill,utilities,debit,ZAR,6,30.0,1.0,0.07546566952393438,monthly_candidate
240,user_108,health insurance premium,insurance,debit,ZAR,6,30.0,1.0,0.0,monthly_candidate
246,user_108,neighbourhood grocer,groceries,debit,ZAR,4,50.0,5.0,0.18496979881083636,other
248,user_108,performance commission,salary,credit,ZAR,4,31.0,16.5,0.34103618214634523,monthly_candidate
253,user_108,streaming subscription,streaming,debit,ZAR,5,30.5,1.5,0.0,monthly_candidate
256,user_108,therapy appointment,healthcare,debit,ZAR,5,30.5,1.5,0.04087159135762595,monthly_candidate
260,user_109,apartment rent transfer,rent,debit,EUR,6,31.0,1.0,1.5827208369986917e-16,monthly_candidate
263,user_109,cinema and events,entertainment,debit,EUR,5,31.0,0.25,0.05457915965552264,monthly_candidate
265,user_109,commuter pass,transport,debit,EUR,5,22.5,21.25,0.09808894643530504,other
266,user_109,electricity bill,utilities,debit,EUR,5,31.0,0.25,0.07210334153829694,monthly_candidate
267,user_109,family dinner,dining,debit,EUR,6,21.0,21.0,0.165661201916558,other
268,user_109,fresh food shop,groceries,debit,EUR,4,20.0,45.0,0.11215173230317788,other
269,user_109,fuel refill,transport,debit,EUR,4,55.0,25.0,0.05672606532203214,other
272,user_109,household insurance,insurance,debit,EUR,5,31.0,0.25,0.0,monthly_candidate
274,user_109,local taxi,transport,debit,EUR,8,20.0,7.5,0.09799299270648511,other
275,user_109,lunch with colleagues,dining,debit,EUR,4,35.0,14.0,0.1716297148247114,other
276,user_109,metro and bus fares,transport,debit,EUR,4,10.0,25.0,0.20735895484320319,other
279,user_109,online retail purchases,shopping,debit,EUR,5,31.0,0.25,0.0556430682508411,monthly_candidate
280,user_109,parking and tolls,transport,debit,EUR,6,15.0,5.0,0.18457664603965923,other
281,user_109,payroll credit,salary,credit,USD,5,31.0,0.25,0.0,monthly_candidate
285,user_109,shared storage plan,cloud_storage,debit,EUR,5,31.0,0.25,0.0,monthly_candidate
288,user_109,vehicle charging,transport,debit,EUR,4,35.0,37.5,0.11640865828518927,other
289,user_109,video streaming plan,streaming,debit,EUR,5,31.0,0.25,0.0,monthly_candidate
290,user_109,weekend food delivery,dining,debit,EUR,4,21.0,35.0,0.15448800143203345,other
301,user_110,grocery delivery,groceries,debit,ZAR,4,50.0,30.0,0.16676892460826226,other
308,user_110,monthly rent,rent,debit,ZAR,6,31.0,1.0,0.0,monthly_candidate
309,user_110,monthly shopping spend,shopping,debit,ZAR,5,30.5,1.0,0.06394230106313091,monthly_candidate
312,user_110,online backup subscription,cloud_storage,debit,ZAR,5,30.5,1.0,0.0,monthly_candidate
314,user_110,streaming subscription,streaming,debit,ZAR,5,30.5,1.0,0.0,monthly_candidate
317,user_110,water and power payment,utilities,debit,ZAR,5,30.5,1.0,0.04671503990819436,monthly_candidate
324,user_111,electricity bill,utilities,debit,IDR,5,30.5,1.5,0.052878491046922854,monthly_candidate
327,user_111,fresh food shop,groceries,debit,IDR,4,40.0,10.0,0.07125660367184092,other
335,user_111,monthly rent,rent,debit,IDR,5,30.5,1.5,0.0,monthly_candidate
338,user_111,online backup subscription,cloud_storage,debit,IDR,5,30.5,1.5,0.0,monthly_candidate
340,user_111,payroll credit,salary,credit,IDR,4,31.0,0.5,0.0,monthly_candidate
341,user_111,personal shopping,shopping,debit,IDR,5,30.5,1.5,0.057761737637347314,monthly_candidate
345,user_111,video streaming plan,streaming,debit,IDR,5,30.5,1.5,0.0,monthly_candidate
347,user_111,weekly produce market,groceries,debit,IDR,4,40.0,15.0,0.15637679993892398,other
349,user_112,bulk pantry shop,groceries,debit,EUR,5,31.5,15.75,0.09732844472145984,monthly_candidate
350,user_112,child education fee,education,debit,EUR,5,30.5,1.25,0.0,monthly_candidate
352,user_112,commuter pass,transport,debit,EUR,6,28.0,21.0,0.04972798399912115,monthly_candidate
353,user_112,delivery service plan,delivery_membership,debit,EUR,5,30.5,1.25,0.0,monthly_candidate
354,user_112,education loan instalment,debt_repayment,debit,EUR,5,30.5,1.25,0.0,monthly_candidate
355,user_112,electricity bill,utilities,debit,EUR,5,30.5,1.25,0.03583996441792245,monthly_candidate
357,user_112,fresh food shop,groceries,debit,EUR,4,28.0,14.0,0.18212307022899035,monthly_candidate
360,user_112,landlord standing order,rent,debit,EUR,6,31.0,1.0,0.0,monthly_candidate
361,user_112,local market purchase,groceries,debit,EUR,6,28.0,28.0,0.1742204990189953,monthly_candidate
362,user_112,local taxi,transport,debit,EUR,4,21.0,21.0,0.01992252584036037,other
365,user_112,music service subscription,music_subscription,debit,EUR,5,30.5,1.25,0.0,monthly_candidate
368,user_112,parking and tolls,transport,debit,EUR,5,35.0,19.25,0.11945743927274818,other
372,user_112,supermarket basket,groceries,debit,EUR,4,35.0,42.0,0.12355771128098943,other
373,user_112,vehicle charging,transport,debit,EUR,4,21.0,10.5,0.11110047907476782,other
374,user_112,weekend food delivery,dining,debit,EUR,4,28.0,28.0,0.21361624628611314,monthly_candidate
375,user_112,weekly produce market,groceries,debit,EUR,4,35.0,14.0,0.07901485668570248,other
378,user_113,coffee shop,dining,debit,INR,5,24.5,21.0,0.1413319992556823,other
380,user_113,electricity and water bill,utilities,debit,INR,5,30.5,1.0,0.0818117748297341,monthly_candidate
384,user_113,fuel refill,transport,debit,INR,4,40.0,17.5,0.0913416397931238,other
386,user_113,health insurance premium,insurance,debit,INR,5,30.5,1.0,0.0,monthly_candidate
388,user_113,international employer payroll,salary,credit,USD,5,30.5,1.0,0.0,monthly_candidate
389,user_113,landlord standing order,rent,debit,INR,6,31.0,1.0,0.0,monthly_candidate
392,user_113,lunch with colleagues,dining,debit,INR,8,21.0,28.0,0.12805096176083966,other
393,user_113,metro and bus fares,transport,debit,INR,4,35.0,12.5,0.11553133575019472,other
394,user_113,neighbourhood grocer,groceries,debit,INR,4,50.0,20.0,0.1602606342768156,other
396,user_113,online retail purchases,shopping,debit,INR,5,30.5,1.0,0.043657735417347285,monthly_candidate
397,user_113,parking and tolls,transport,debit,INR,5,25.0,22.5,0.16462189472118927,other
399,user_113,rail pass,transport,debit,INR,8,15.0,22.5,0.11321018965815433,other
400,user_113,ride-hailing trip,transport,debit,INR,4,25.0,20.0,0.1538749076333007,other
401,user_113,shared storage plan,cloud_storage,debit,INR,5,30.5,1.0,0.0,monthly_candidate
402,user_113,streaming subscription,streaming,debit,INR,5,30.5,1.0,0.0,monthly_candidate
405,user_113,vehicle charging,transport,debit,INR,5,17.5,28.75,0.13908595116267689,other
406,user_113,weekend entertainment,entertainment,debit,INR,5,30.5,1.0,0.05806798835239581,monthly_candidate
408,user_114,bakery and snacks,dining,debit,INR,4,42.0,21.0,0.12245112971898334,other
410,user_114,cloud storage plan,cloud_storage,debit,INR,5,30.5,1.0,0.0,monthly_candidate
412,user_114,commuter pass,transport,debit,INR,5,35.0,31.25,0.10923273977105169,other
413,user_114,family dinner,dining,debit,INR,5,24.5,15.75,0.10174032512246058,other
414,user_114,fuel refill,transport,debit,INR,5,25.0,11.25,0.1308795993771805,other
415,user_114,games and recreation,entertainment,debit,INR,5,30.5,1.0,0.06766135027474213,monthly_candidate
416,user_114,grocery delivery,groceries,debit,INR,5,25.0,17.5,0.18325256752193306,other
417,user_114,household groceries,groceries,debit,INR,4,10.0,5.0,0.03163011301369462,other
418,user_114,household insurance,insurance,debit,INR,5,30.5,1.0,0.0,monthly_candidate
419,user_114,landlord standing order,rent,debit,INR,6,31.0,1.0,0.0,monthly_candidate
422,user_114,lunch with colleagues,dining,debit,INR,5,35.0,29.75,0.1495374159020581,other
423,user_114,metro and bus fares,transport,debit,INR,4,20.0,25.0,0.06573434566715211,other
424,user_114,monthly shopping spend,shopping,debit,INR,5,30.5,1.0,0.07622335488908293,monthly_candidate
428,user_114,payroll credit,salary,credit,INR,5,30.5,1.0,0.1978021978021978,monthly_candidate
431,user_114,ride-hailing trip,transport,debit,INR,5,42.5,37.5,0.16932227312593925,other
432,user_114,streaming subscription,streaming,debit,INR,5,30.5,1.0,0.0,monthly_candidate
434,user_114,vehicle charging,transport,debit,INR,7,20.0,10.0,0.2124508314473442,other
435,user_114,water and power payment,utilities,debit,INR,5,30.5,1.0,0.03383098588035891,monthly_candidate
436,user_114,weekend food delivery,dining,debit,INR,6,14.0,21.0,0.11064598495317109,other
439,user_115,coffee shop,dining,debit,INR,4,21.0,31.5,0.12089613663046453,other
442,user_115,household groceries,groceries,debit,INR,5,35.0,21.0,0.11952041620686002,other
444,user_115,landlord standing order,rent,debit,INR,6,31.0,1.0,0.0,monthly_candidate
445,user_115,loan repayment,debt_repayment,debit,INR,5,30.5,1.0,0.0,monthly_candidate
449,user_115,music subscription,music_subscription,debit,INR,5,30.5,1.0,0.0,monthly_candidate
452,user_115,payroll credit,salary,credit,INR,5,30.5,1.0,0.0,monthly_candidate
459,user_115,water and power payment,utilities,debit,INR,5,30.5,1.0,0.05395110077619158,monthly_candidate
462,user_116,bulk pantry shop,groceries,debit,INR,6,21.0,7.0,0.1352471365660758,other
463,user_116,child education fee,education,debit,INR,5,30.5,1.0,0.0,monthly_candidate
464,user_116,commuter pass,transport,debit,INR,4,14.0,10.5,0.17889238307423488,other
465,user_116,delivery service plan,delivery_membership,debit,INR,5,30.5,1.0,0.0,monthly_candidate
474,user_116,lunch with colleagues,dining,debit,INR,5,21.0,21.0,0.1428526787665557,other
476,user_116,music service subscription,music_subscription,debit,INR,5,30.5,1.0,0.0,monthly_candidate
478,user_116,neighbourhood restaurant,dining,debit,INR,4,70.0,28.0,0.16287100480827502,other
480,user_116,payroll credit,salary,credit,INR,5,30.5,1.0,0.0,monthly_candidate
484,user_116,residential rent payment,rent,debit,INR,6,31.0,1.0,0.0,monthly_candidate
485,user_116,ride-hailing trip,transport,debit,INR,6,14.0,0.0,0.14302868225034648,other
486,user_116,supermarket basket,groceries,debit,INR,5,21.0,28.0,0.16445192513982562,other
488,user_116,vehicle charging,transport,debit,INR,6,14.0,28.0,0.13577730243053102,other
489,user_116,vehicle loan payment,debt_repayment,debit,INR,5,30.5,1.0,0.0,monthly_candidate
490,user_116,water and power payment,utilities,debit,INR,5,30.5,1.0,0.06992728003483639,monthly_candidate
492,user_116,weekly produce market,groceries,debit,INR,6,28.0,28.0,0.11271226505118177,monthly_candidate
493,user_117,bakery and snacks,dining,debit,EUR,5,28.0,31.5,0.09582384056885794,monthly_candidate
497,user_117,electricity and water bill,utilities,debit,EUR,5,30.5,1.5,0.0231215165493881,monthly_candidate
499,user_117,family streaming plan,streaming,debit,EUR,5,30.5,1.5,0.0,monthly_candidate
500,user_117,fresh food shop,groceries,debit,EUR,7,30.0,22.5,0.13262714742754858,monthly_candidate
503,user_117,home association fee,housing,debit,EUR,6,30.0,1.0,0.0,monthly_candidate
505,user_117,household insurance,insurance,debit,EUR,5,30.5,1.5,0.0,monthly_candidate
510,user_117,payroll credit,salary,credit,EUR,5,30.5,1.5,0.0,monthly_candidate
513,user_117,regular medicine purchase,healthcare,debit,EUR,5,30.5,1.5,0.06686482891606653,monthly_candidate
521,user_118,bulk pantry shop,groceries,debit,EUR,4,21.0,10.5,0.08603761003857521,other
523,user_118,commuter pass,transport,debit,EUR,4,49.0,28.0,0.13897994600652175,other
524,user_118,education loan instalment,debt_repayment,debit,EUR,5,31.0,0.25,0.0,monthly_candidate
525,user_118,electricity bill,utilities,debit,EUR,5,31.0,0.25,0.06387413277312097,monthly_candidate
528,user_118,fuel refill,transport,debit,EUR,4,35.0,14.0,0.10700590719846684,other
529,user_118,grocery delivery,groceries,debit,EUR,5,21.0,7.0,0.11806504122689615,other
530,user_118,household groceries,groceries,debit,EUR,4,35.0,35.0,0.13654240142575044,other
531,user_118,local market purchase,groceries,debit,EUR,5,28.0,12.25,0.1660397290613202,monthly_candidate
532,user_118,local taxi,transport,debit,EUR,4,35.0,17.5,0.17958512091019516,other
535,user_118,monthly rent,rent,debit,EUR,6,31.0,1.0,1.2130477776527533e-16,monthly_candidate
536,user_118,monthly shopping spend,shopping,debit,EUR,5,31.0,0.25,0.04694359329289953,monthly_candidate
540,user_118,payroll credit,salary,credit,EUR,5,31.0,0.25,0.0,monthly_candidate
544,user_118,ride-hailing trip,transport,debit,EUR,5,21.0,5.25,0.16720939319713854,other
545,user_118,shared storage plan,cloud_storage,debit,EUR,5,31.0,0.25,0.0,monthly_candidate
546,user_118,streaming subscription,streaming,debit,EUR,5,31.0,0.25,0.0,monthly_candidate
554,user_119,cloud storage plan,cloud_storage,debit,INR,5,31.0,0.75,0.0,monthly_candidate
556,user_119,course tuition,education,debit,INR,5,31.0,0.75,0.0,monthly_candidate
557,user_119,electricity and water bill,utilities,debit,INR,5,31.0,0.75,0.04996202893873382,monthly_candidate
560,user_119,fuel refill,transport,debit,INR,4,42.0,21.0,0.10624898701102131,other
561,user_119,grocery delivery,groceries,debit,INR,5,25.0,12.5,0.07684132340977948,other
563,user_119,local market purchase,groceries,debit,INR,4,10.0,0.0,0.14801507163641034,other
570,user_119,property maintenance contribution,housing,debit,INR,5,31.0,0.75,0.0,monthly_candidate
576,user_119,therapy appointment,healthcare,debit,INR,5,31.0,0.75,0.02556788066784126,monthly_candidate
578,user_119,vehicle insurance premium,insurance,debit,INR,5,31.0,0.75,0.0,monthly_candidate
579,user_119,weekend entertainment,entertainment,debit,INR,5,31.0,0.75,0.04571658590092466,monthly_candidate
581,user_120,bulk pantry shop,groceries,debit,IDR,4,50.0,25.0,0.10642235658703807,other
583,user_120,cloud storage plan,cloud_storage,debit,IDR,5,30.5,1.5,0.0,monthly_candidate
584,user_120,family dinner,dining,debit,IDR,5,31.5,21.0,0.1342974620936475,monthly_candidate
591,user_120,local market purchase,groceries,debit,IDR,4,30.0,20.0,0.0657973781765724,monthly_candidate
594,user_120,municipal utilities,utilities,debit,IDR,6,31.0,1.0,0.06318358718542233,monthly_candidate
596,user_120,online retail purchases,shopping,debit,IDR,5,30.5,1.5,0.07858950061947757,monthly_candidate
597,user_120,payroll credit,salary,credit,IDR,5,30.5,1.5,0.0,monthly_candidate
601,user_120,shared housing rent,rent,debit,IDR,6,31.0,1.0,0.0,monthly_candidate
602,user_120,supermarket basket,groceries,debit,IDR,4,40.0,40.0,0.08378888158545775,other
605,user_120,video streaming plan,streaming,debit,IDR,5,30.5,1.5,0.0,monthly_candidate
607,user_121,coffee shop,dining,debit,USD,4,14.0,21.0,0.11145908848326254,other
609,user_121,electricity and water bill,utilities,debit,USD,5,31.0,0.25,0.041850570046855,monthly_candidate
611,user_121,food delivery membership,delivery_membership,debit,USD,5,31.0,0.25,0.0,monthly_candidate
612,user_121,fresh food shop,groceries,debit,USD,9,14.0,10.5,0.12192949248235489,other
613,user_121,fuel refill,transport,debit,USD,4,56.0,24.5,0.22300890572120372,other
614,user_121,games and recreation,entertainment,debit,USD,5,31.0,0.25,0.06484192538726155,monthly_candidate
616,user_121,gym membership,gym,debit,USD,5,31.0,0.25,0.0,monthly_candidate
617,user_121,household groceries,groceries,debit,USD,5,35.0,8.75,0.1321646329120202,other
619,user_121,landlord standing order,rent,debit,USD,6,31.0,1.0,1.6167070210696252e-16,monthly_candidate
624,user_121,music service subscription,music_subscription,debit,USD,5,31.0,0.25,0.0,monthly_candidate
625,user_121,neighbourhood grocer,groceries,debit,USD,4,35.0,7.0,0.0711496703333902,other
628,user_121,payroll credit,salary,credit,USD,5,31.0,0.25,0.0,monthly_candidate
631,user_121,ride-hailing trip,transport,debit,USD,6,21.0,28.0,0.1686546434736569,other
634,user_121,vehicle charging,transport,debit,USD,5,31.5,22.75,0.09295941133069828,monthly_candidate
644,user_122,energy provider bill,utilities,debit,IDR,5,30.5,1.0,0.07534769498750225,monthly_candidate
650,user_122,household shopping,shopping,debit,IDR,5,30.5,1.0,0.056809597959667876,monthly_candidate
653,user_122,monthly rent,rent,debit,IDR,6,31.0,1.0,0.0,monthly_candidate
658,user_122,shared storage plan,cloud_storage,debit,IDR,5,30.5,1.0,0.0,monthly_candidate
659,user_122,supermarket basket,groceries,debit,IDR,4,40.0,25.0,0.06769582696821522,other
662,user_122,video streaming plan,streaming,debit,IDR,5,30.5,1.0,0.0,monthly_candidate
664,user_122,weekly produce market,groceries,debit,IDR,5,40.0,10.0,0.17981622952812892,other
665,user_123,bakery and snacks,dining,debit,IDR,4,42.0,35.0,0.20263337188343702,other
666,user_123,bulk pantry shop,groceries,debit,IDR,4,35.0,21.0,0.05122970593829662,other
668,user_123,community fitness plan,gym,debit,IDR,5,30.5,1.0,0.0,monthly_candidate
670,user_123,delivery platform payout,salary,credit,IDR,6,14.0,6.0,0.18687884547721195,other
671,user_123,driver platform payout,salary,credit,IDR,8,21.0,8.5,0.17044970312281782,other
672,user_123,energy provider bill,utilities,debit,IDR,5,30.5,1.0,0.060807864887626906,monthly_candidate
675,user_123,grocery delivery,groceries,debit,IDR,6,35.0,21.0,0.1585730429983009,other
676,user_123,grocery delivery membership,delivery_membership,debit,IDR,5,30.5,1.0,0.0,monthly_candidate
678,user_123,landlord standing order,rent,debit,IDR,6,31.0,1.0,0.0,monthly_candidate
682,user_123,metro and bus fares,transport,debit,IDR,5,10.5,7.0,0.14713272966348298,other
683,user_123,monthly entertainment spend,entertainment,debit,IDR,5,30.5,1.0,0.0782864812268902,monthly_candidate
684,user_123,music subscription,music_subscription,debit,IDR,5,30.5,1.0,0.0,monthly_candidate
685,user_123,neighbourhood grocer,groceries,debit,IDR,5,31.5,21.0,0.1693569818304842,monthly_candidate
689,user_123,rail pass,transport,debit,IDR,5,24.5,29.75,0.05839739431288194,other
691,user_123,supermarket basket,groceries,debit,IDR,4,35.0,31.5,0.05988509644178366,other
693,user_123,task marketplace payout,salary,credit,IDR,4,14.0,32.0,0.15024551044552223,other
698,user_124,apartment rent transfer,rent,debit,EUR,6,31.0,1.0,0.0,monthly_candidate
702,user_124,education loan instalment,debt_repayment,debit,EUR,5,30.5,1.25,0.0,monthly_candidate
703,user_124,electricity and water bill,utilities,debit,EUR,5,30.5,1.25,0.0760226232872019,monthly_candidate
712,user_124,music service subscription,music_subscription,debit,EUR,5,30.5,1.25,0.0,monthly_candidate
717,user_124,previous employer payroll,salary,credit,EUR,4,31.0,1.0,0.0,monthly_candidate
724,user_125,cloud storage plan,cloud_storage,debit,ZAR,5,30.5,1.0,0.0,monthly_candidate
726,user_125,commuter pass,transport,debit,ZAR,12,15.0,10.0,0.14181269796648943,other
727,user_125,electricity and water bill,utilities,debit,ZAR,5,30.5,1.0,0.06526547032118557,monthly_candidate
728,user_125,family dinner,dining,debit,ZAR,5,31.5,21.0,0.1347949566869952,monthly_candidate
729,user_125,fresh food shop,groceries,debit,ZAR,4,50.0,35.0,0.18222782508358767,other
730,user_125,fuel refill,transport,debit,ZAR,4,15.0,47.5,0.07447560181456947,other
732,user_125,household groceries,groceries,debit,ZAR,4,20.0,45.0,0.2036333517129683,other
733,user_125,insurance policy payment,insurance,debit,ZAR,5,30.5,1.0,0.0,monthly_candidate
734,user_125,international employer payroll,salary,credit,EUR,5,30.5,1.0,0.0,monthly_candidate
735,user_125,landlord standing order,rent,debit,ZAR,6,31.0,1.0,0.0,monthly_candidate
736,user_125,local market purchase,groceries,debit,ZAR,4,50.0,25.0,0.17316915422558188,other
740,user_125,monthly entertainment spend,entertainment,debit,ZAR,5,30.5,1.0,0.060124845605803195,monthly_candidate
742,user_125,neighbourhood restaurant,dining,debit,ZAR,4,7.0,14.0,0.1468653033424484,weekly_candidate
743,user_125,online retail purchases,shopping,debit,ZAR,5,30.5,1.0,0.08558148739962473,monthly_candidate
744,user_125,parking and tolls,transport,debit,ZAR,4,25.0,20.0,0.1146639629998559,other
747,user_125,ride-hailing trip,transport,debit,ZAR,4,35.0,15.0,0.10341253084869938,other
750,user_125,vehicle charging,transport,debit,ZAR,4,10.0,30.0,0.083853471011236,other
751,user_125,video streaming plan,streaming,debit,ZAR,5,30.5,1.0,0.0,monthly_candidate
752,user_125,weekend food delivery,dining,debit,ZAR,4,28.0,38.5,0.06954787447811929,monthly_candidate
759,user_126,commuter pass,transport,debit,INR,4,63.0,21.0,0.0860195116647904,other
760,user_126,energy provider bill,utilities,debit,INR,5,30.5,1.5,0.04541565718668024,monthly_candidate
762,user_126,family streaming plan,streaming,debit,INR,5,30.5,1.5,0.0,monthly_candidate
766,user_126,grocery delivery,groceries,debit,INR,5,10.0,17.5,0.06503840454308396,other
772,user_126,monthly shopping spend,shopping,debit,INR,5,30.5,1.5,0.07124755053170584,monthly_candidate
774,user_126,online backup subscription,cloud_storage,debit,INR,5,30.5,1.5,0.0,monthly_candidate
776,user_126,residential rent payment,rent,debit,INR,5,30.5,1.5,0.0,monthly_candidate
780,user_126,website project payment,salary,credit,INR,4,31.0,16.5,0.2798429029892844,monthly_candidate
783,user_127,apartment rent transfer,rent,debit,ZAR,6,31.0,1.0,0.0,monthly_candidate
786,user_127,clothing and household items,shopping,debit,ZAR,5,30.5,1.0,0.052887401067861176,monthly_candidate
787,user_127,cloud storage plan,cloud_storage,debit,ZAR,5,30.5,1.0,0.0,monthly_candidate
792,user_127,grocery delivery,groceries,debit,ZAR,4,14.0,7.0,0.16765137291034388,other
793,user_127,household groceries,groceries,debit,ZAR,4,21.0,49.0,0.05544432364271786,other
794,user_127,loan repayment,debt_repayment,debit,ZAR,5,30.5,1.0,0.0,monthly_candidate
798,user_127,metro and bus fares,transport,debit,ZAR,5,21.0,17.5,0.14756509488290892,other
799,user_127,municipal utilities,utilities,debit,ZAR,5,30.5,1.0,0.03398265737687552,monthly_candidate
802,user_127,parking and tolls,transport,debit,ZAR,4,14.0,24.5,0.10692999515039779,other
806,user_127,rail pass,transport,debit,ZAR,4,49.0,24.5,0.04140984798130447,other
808,user_127,supermarket basket,groceries,debit,ZAR,5,17.5,8.75,0.22000811875716864,other
811,user_127,video streaming plan,streaming,debit,ZAR,5,30.5,1.0,0.0,monthly_candidate
813,user_127,weekly produce market,groceries,debit,ZAR,4,21.0,45.5,0.09978642720871463,other
816,user_128,cinema and events,entertainment,debit,ZAR,5,30.5,1.0,0.05002288803689809,monthly_candidate
817,user_128,cloud storage plan,cloud_storage,debit,ZAR,5,30.5,1.0,0.0,monthly_candidate
819,user_128,course tuition,education,debit,ZAR,5,30.5,1.0,0.0,monthly_candidate
820,user_128,electricity and water bill,utilities,debit,ZAR,6,31.0,1.0,0.08715422239693948,monthly_candidate
825,user_128,home association fee,housing,debit,ZAR,6,31.0,1.0,0.0,monthly_candidate
826,user_128,household groceries,groceries,debit,ZAR,5,30.0,20.0,0.17347882244960722,monthly_candidate
832,user_128,parking and tolls,transport,debit,ZAR,4,14.0,14.0,0.07081735793522156,other
833,user_128,payroll credit,salary,credit,ZAR,5,30.5,1.0,0.0,monthly_candidate
839,user_128,therapy appointment,healthcare,debit,ZAR,5,30.5,1.0,0.06489691703863458,monthly_candidate
841,user_128,vehicle insurance premium,insurance,debit,ZAR,6,31.0,1.0,0.0,monthly_candidate
843,user_129,apartment rent transfer,rent,debit,USD,6,31.0,1.0,0.0,monthly_candidate
846,user_129,cloud storage plan,cloud_storage,debit,USD,5,30.5,1.5,0.0,monthly_candidate
849,user_129,energy provider bill,utilities,debit,USD,5,30.5,1.5,0.06391502623415246,monthly_candidate
850,user_129,family streaming plan,streaming,debit,USD,5,30.5,1.5,0.0,monthly_candidate
861,user_129,payroll credit,salary,credit,USD,5,30.5,1.5,0.0,monthly_candidate
862,user_129,personal shopping,shopping,debit,USD,5,30.5,1.5,0.05629957926006816,monthly_candidate
872,user_130,community fitness plan,gym,debit,USD,5,31.0,0.25,0.0,monthly_candidate
873,user_130,food delivery membership,delivery_membership,debit,USD,5,31.0,0.25,0.0,monthly_candidate
875,user_130,fuel refill,transport,debit,USD,4,35.0,31.5,0.0396561134795247,other
876,user_130,games and recreation,entertainment,debit,USD,5,31.0,0.25,0.06470123301605724,monthly_candidate
877,user_130,grocery delivery,groceries,debit,USD,6,21.0,14.0,0.14727490882279462,other
879,user_130,local market purchase,groceries,debit,USD,4,7.0,59.5,0.1409488336218475,weekly_candidate
881,user_130,lunch with colleagues,dining,debit,USD,5,21.0,17.5,0.18059842126888567,other
882,user_130,metro and bus fares,transport,debit,USD,4,21.0,45.5,0.17716041986858014,other
883,user_130,municipal utilities,utilities,debit,USD,5,31.0,0.25,0.06299155008999797,monthly_candidate
884,user_130,music service subscription,music_subscription,debit,USD,5,31.0,0.25,0.0,monthly_candidate
887,user_130,parking and tolls,transport,debit,USD,6,28.0,42.0,0.147020868503278,monthly_candidate
888,user_130,payroll credit,salary,credit,USD,5,31.0,0.25,0.15447232612146164,monthly_candidate
891,user_130,residential rent payment,rent,debit,USD,6,31.0,1.0,0.0,monthly_candidate
892,user_130,ride-hailing trip,transport,debit,USD,6,21.0,21.0,0.1384510135971901,other
896,user_130,weekly produce market,groceries,debit,USD,4,49.0,21.0,0.10715013100462915,other
897,user_131,bulk pantry shop,groceries,debit,USD,5,14.0,15.75,0.12383811534424147,other
898,user_131,clothing and household items,shopping,debit,USD,5,31.0,0.75,0.042310093387001306,monthly_candidate
900,user_131,dependent care payment,family_support,debit,USD,5,31.0,0.75,0.0,monthly_candidate
901,user_131,energy provider bill,utilities,debit,USD,5,31.0,0.75,0.027378782863440844,monthly_candidate
906,user_131,loan repayment,debt_repayment,debit,USD,5,31.0,0.75,0.0,monthly_candidate
912,user_131,payroll credit,salary,credit,USD,5,31.0,2.75,0.0,monthly_candidate
914,user_131,regular medicine purchase,healthcare,debit,USD,5,31.0,0.75,0.0559751651044893,monthly_candidate
915,user_131,residential rent payment,rent,debit,USD,5,31.0,0.75,0.0,monthly_candidate
917,user_131,shared storage plan,cloud_storage,debit,USD,5,31.0,0.75,0.0,monthly_candidate
920,user_131,weekly produce market,groceries,debit,USD,5,14.0,17.5,0.0992937584944747,other
921,user_132,bakery and snacks,dining,debit,USD,5,38.5,56.0,0.0995831203640744,other
923,user_132,cinema and events,entertainment,debit,USD,5,30.5,1.0,0.031110067015366956,monthly_candidate
925,user_132,commuter pass,transport,debit,USD,7,20.0,17.5,0.18748640263384483,other
926,user_132,fresh food shop,groceries,debit,USD,5,40.0,5.0,0.06725119727385936,other
929,user_132,health insurance premium,insurance,debit,USD,5,30.5,1.0,0.0,monthly_candidate
931,user_132,landlord standing order,rent,debit,USD,6,31.0,1.0,1.767519243184329e-16,monthly_candidate
932,user_132,local market purchase,groceries,debit,USD,4,30.0,10.0,0.05005982475551171,monthly_candidate
933,user_132,local taxi,transport,debit,USD,4,20.0,27.5,0.08248282271464132,other
934,user_132,lunch with colleagues,dining,debit,USD,4,21.0,14.0,0.14763699239178288,other
935,user_132,metro and bus fares,transport,debit,USD,4,50.0,27.5,0.17971299330069493,other
936,user_132,municipal utilities,utilities,debit,USD,5,30.5,1.0,0.06923199692350282,monthly_candidate
939,user_132,online backup subscription,cloud_storage,debit,USD,5,30.5,1.0,0.0,monthly_candidate
940,user_132,online retail purchases,shopping,debit,USD,5,30.5,1.0,0.043823005228907544,monthly_candidate
941,user_132,parking and tolls,transport,debit,USD,4,15.0,20.0,0.0877082407066824,other
942,user_132,payroll credit,salary,credit,USD,5,30.5,1.0,0.19780219780219782,monthly_candidate
944,user_132,rail pass,transport,debit,USD,9,17.5,8.75,0.15112501146424653,other
947,user_132,takeaway order,dining,debit,USD,7,17.5,21.0,0.11152288248637587,other
948,user_132,vehicle charging,transport,debit,USD,4,20.0,47.5,0.16770935462158545,other
949,user_132,video streaming plan,streaming,debit,USD,5,30.5,1.0,0.0,monthly_candidate
952,user_133,audio streaming plan,music_subscription,debit,IDR,5,31.0,0.25,0.0,monthly_candidate
955,user_133,commuter pass,transport,debit,IDR,4,63.0,10.5,0.20440609377191163,other
956,user_133,electricity and water bill,utilities,debit,IDR,6,31.0,1.0,0.06071270019571507,monthly_candidate
961,user_133,loan repayment,debt_repayment,debit,IDR,5,31.0,0.25,0.0,monthly_candidate
962,user_133,local market purchase,groceries,debit,IDR,5,14.0,0.0,0.16242230069650343,other
968,user_133,residential rent payment,rent,debit,IDR,6,31.0,1.0,0.0,monthly_candidate
975,user_134,apartment rent transfer,rent,debit,IDR,6,31.0,1.0,0.0,monthly_candidate
980,user_134,energy provider bill,utilities,debit,IDR,5,30.5,1.0,0.07608588604995142,monthly_candidate
982,user_134,food delivery membership,delivery_membership,debit,IDR,5,30.5,1.0,0.0,monthly_candidate
984,user_134,fuel refill,transport,debit,IDR,4,14.0,14.0,0.07474991372721197,other
986,user_134,household groceries,groceries,debit,IDR,5,21.0,21.0,0.1541952986474269,other
989,user_134,loan repayment,debt_repayment,debit,IDR,5,30.5,1.0,0.0,monthly_candidate
991,user_134,local taxi,transport,debit,IDR,5,24.5,22.75,0.15954266842636966,other
992,user_134,metro and bus fares,transport,debit,IDR,4,28.0,42.0,0.04238439937546314,monthly_candidate
993,user_134,music subscription,music_subscription,debit,IDR,5,30.5,1.0,0.0,monthly_candidate
997,user_134,payroll credit,salary,credit,IDR,5,30.5,1.0,0.0,monthly_candidate
998,user_134,professional training fee,education,debit,IDR,5,30.5,1.0,0.0,monthly_candidate
999,user_134,rail pass,transport,debit,IDR,4,56.0,45.5,0.16329830389910904,other
1001,user_134,supermarket basket,groceries,debit,IDR,5,21.0,24.5,0.1337961149333679,other
1009,user_135,diagnostic test,healthcare,debit,USD,5,30.5,1.5,0.08315918866417768,monthly_candidate
1010,user_135,electricity and water bill,utilities,debit,USD,5,30.5,1.5,0.06653587724710902,monthly_candidate
1014,user_135,health insurance premium,insurance,debit,USD,5,30.5,1.5,0.0,monthly_candidate
1015,user_135,home association fee,housing,debit,USD,6,30.0,1.0,0.0,monthly_candidate
1024,user_135,payroll credit,salary,credit,USD,5,30.5,1.5,0.0,monthly_candidate
1031,user_135,video streaming plan,streaming,debit,USD,5,30.5,1.5,0.0,monthly_candidate
1035,user_136,credit card repayment,debt_repayment,debit,USD,5,30.5,1.25,0.0,monthly_candidate
1036,user_136,dependent care payment,family_support,debit,USD,5,30.5,1.25,0.0,monthly_candidate
1037,user_136,energy provider bill,utilities,debit,USD,5,30.5,1.25,0.04456373237904519,monthly_candidate
1038,user_136,fresh food shop,groceries,debit,USD,4,21.0,7.0,0.18361675562179863,other
1042,user_136,household shopping,shopping,debit,USD,5,30.5,1.25,0.05551316127318105,monthly_candidate
1045,user_136,monthly rent,rent,debit,USD,6,31.0,1.0,1.589581064340269e-16,monthly_candidate
1046,user_136,neighbourhood grocer,groceries,debit,USD,4,63.0,42.0,0.07598413527248889,other
1047,user_136,online backup subscription,cloud_storage,debit,USD,5,30.5,1.25,0.0,monthly_candidate
1049,user_136,payroll credit,salary,credit,USD,5,30.5,1.25,0.0,monthly_candidate
1052,user_136,supermarket basket,groceries,debit,USD,5,35.0,10.5,0.16811544978984752,other
1053,user_136,therapy appointment,healthcare,debit,USD,5,30.5,1.25,0.09013147625420292,monthly_candidate
1055,user_137,cloud storage plan,cloud_storage,debit,INR,5,30.5,1.0,0.0,monthly_candidate
1056,user_137,commuter pass,transport,debit,INR,4,42.0,24.5,0.21411406075719994,other
1057,user_137,electricity bill,utilities,debit,INR,5,30.5,1.0,0.07949698088881983,monthly_candidate
1061,user_137,grocery delivery,groceries,debit,INR,6,21.0,0.0,0.08159311516832832,other
1062,user_137,household groceries,groceries,debit,INR,4,28.0,49.0,0.1483187453434991,monthly_candidate
1064,user_137,local taxi,transport,debit,INR,5,17.5,14.0,0.08808157877371271,other
1066,user_137,monthly rent,rent,debit,INR,6,31.0,1.0,0.0,monthly_candidate
1067,user_137,monthly shopping spend,shopping,debit,INR,5,30.5,1.0,0.06834781032361176,monthly_candidate
1069,user_137,neighbourhood restaurant,dining,debit,INR,4,28.0,28.0,0.16892908156114764,monthly_candidate
1071,user_137,payroll credit,salary,credit,INR,5,30.5,1.0,0.0,monthly_candidate
1072,user_137,personal loan payment,debt_repayment,debit,INR,5,30.5,1.0,0.0,monthly_candidate
1073,user_137,quick-service meal,dining,debit,INR,6,14.0,14.0,0.17423322913237327,other
1074,user_137,rail pass,transport,debit,INR,5,21.0,15.75,0.15314090026117053,other
1075,user_137,ride-hailing trip,transport,debit,INR,7,21.0,24.5,0.11744677469368228,other
1076,user_137,streaming subscription,streaming,debit,INR,5,30.5,1.0,0.0,monthly_candidate
1077,user_137,supermarket basket,groceries,debit,INR,5,21.0,15.75,0.04677148167958995,other
1082,user_138,clothing and household items,shopping,debit,EUR,5,30.5,1.5,0.07540897747518893,monthly_candidate
1085,user_138,electricity and water bill,utilities,debit,EUR,5,30.5,1.5,0.05441946981089689,monthly_candidate
1090,user_138,landlord standing order,rent,debit,EUR,6,31.0,1.0,1.5973983099847694e-16,monthly_candidate
1098,user_138,payroll credit,salary,credit,EUR,5,30.5,1.5,0.0,monthly_candidate
1100,user_138,shared storage plan,cloud_storage,debit,EUR,5,30.5,1.5,0.0,monthly_candidate
1101,user_138,streaming subscription,streaming,debit,EUR,5,30.5,1.5,0.0,monthly_candidate
1107,user_139,bulk pantry shop,groceries,debit,USD,4,21.0,3.5,0.1821906385912741,other
1109,user_139,community fitness plan,gym,debit,USD,5,30.5,1.0,0.0,monthly_candidate
1111,user_139,electricity bill,utilities,debit,USD,5,30.5,1.0,0.07635615936340012,monthly_candidate
1113,user_139,food delivery membership,delivery_membership,debit,USD,5,30.5,1.0,0.0,monthly_candidate
1116,user_139,grocery delivery,groceries,debit,USD,4,14.0,35.0,0.10402322832298581,other
1121,user_139,metro and bus fares,transport,debit,USD,4,49.0,21.0,0.08100758739227815,other
1122,user_139,monthly entertainment spend,entertainment,debit,USD,5,30.5,1.0,0.06286654179727173,monthly_candidate
1123,user_139,monthly rent,rent,debit,USD,5,30.5,1.0,0.0,monthly_candidate
1124,user_139,music subscription,music_subscription,debit,USD,5,30.5,1.0,0.0,monthly_candidate
1125,user_139,neighbourhood grocer,groceries,debit,USD,4,21.0,17.5,0.16669879294124035,other
1127,user_139,parking and tolls,transport,debit,USD,4,35.0,17.5,0.18707727816974856,other
1128,user_139,payroll credit,salary,credit,USD,5,30.5,1.0,0.0,monthly_candidate
1129,user_139,rail pass,transport,debit,USD,5,31.5,38.5,0.19769240068709915,monthly_candidate
1134,user_139,weekend food delivery,dining,debit,USD,4,28.0,21.0,0.06948290578835703,monthly_candidate
1136,user_140,apartment rent transfer,rent,debit,ZAR,6,31.0,1.0,0.0,monthly_candidate
1140,user_140,electricity and water bill,utilities,debit,ZAR,6,31.0,1.0,0.06551963658499609,monthly_candidate
1142,user_140,food delivery membership,delivery_membership,debit,ZAR,5,30.5,1.0,0.0,monthly_candidate
1145,user_140,grocery delivery,groceries,debit,ZAR,5,38.5,22.75,0.18612779422439307,other
1147,user_140,local market purchase,groceries,debit,ZAR,4,21.0,21.0,0.10975878884460381,other
1151,user_140,music subscription,music_subscription,debit,ZAR,5,30.5,1.0,0.0,monthly_candidate
1154,user_140,parking and tolls,transport,debit,ZAR,4,35.0,21.0,0.10571255954203412,other
1155,user_140,personal loan payment,debt_repayment,debit,ZAR,5,30.5,1.0,0.0,monthly_candidate
1158,user_140,ride-hailing trip,transport,debit,ZAR,7,14.0,5.25,0.12766140074156387,other
1159,user_140,school fee payment,education,debit,ZAR,5,30.5,1.0,0.0,monthly_candidate
1160,user_140,supermarket basket,groceries,debit,ZAR,6,21.0,14.0,0.1694445481271583,other
1165,user_141,apartment rent transfer,rent,debit,INR,6,31.0,1.0,0.0,monthly_candidate
1167,user_141,bulk pantry shop,groceries,debit,INR,4,30.0,15.0,0.1663182269452861,monthly_candidate
1168,user_141,cloud storage plan,cloud_storage,debit,INR,5,30.5,1.0,0.0,monthly_candidate
1170,user_141,commuter pass,transport,debit,INR,4,20.0,30.0,0.2514220754398795,other
1172,user_141,fresh food shop,groceries,debit,INR,4,30.0,30.0,0.0471402431013148,monthly_candidate
1173,user_141,fuel refill,transport,debit,INR,4,40.0,25.0,0.12738561358579184,other
1176,user_141,household utility payment,utilities,debit,INR,5,30.5,1.0,0.08444941994813801,monthly_candidate
1180,user_141,lunch with colleagues,dining,debit,INR,4,49.0,35.0,0.12331260068539625,other
1181,user_141,metro and bus fares,transport,debit,INR,5,37.5,36.25,0.16697103521603968,other
1182,user_141,monthly entertainment spend,entertainment,debit,INR,5,30.5,1.0,0.0717436190922007,monthly_candidate
1183,user_141,monthly shopping spend,shopping,debit,INR,5,30.5,1.0,0.07013887391372377,monthly_candidate
1185,user_141,neighbourhood restaurant,dining,debit,INR,9,14.0,24.5,0.14280920423396007,other
1186,user_141,parking and tolls,transport,debit,INR,8,15.0,22.5,0.1784257001853672,other
1187,user_141,payroll credit,salary,credit,INR,5,30.5,1.0,0.0,monthly_candidate
1189,user_141,rail pass,transport,debit,INR,4,15.0,7.5,0.1603594561469613,other
1190,user_141,ride-hailing trip,transport,debit,INR,6,30.0,30.0,0.0643900596124198,monthly_candidate
1191,user_141,streaming subscription,streaming,debit,INR,5,30.5,1.0,0.0,monthly_candidate
1195,user_141,vehicle insurance premium,insurance,debit,INR,5,30.5,1.0,0.0,monthly_candidate
1199,user_142,bulk pantry shop,groceries,debit,USD,4,40.0,20.0,0.13163172508982623,other
1204,user_142,energy provider bill,utilities,debit,USD,5,31.0,0.25,0.06370756142478907,monthly_candidate
1217,user_142,online retail purchases,shopping,debit,USD,5,31.0,0.25,0.07730260828015517,monthly_candidate
1219,user_142,residential rent payment,rent,debit,USD,6,31.0,1.0,0.0,monthly_candidate
1221,user_142,shared storage plan,cloud_storage,debit,USD,5,31.0,0.25,0.0,monthly_candidate
1222,user_142,supermarket basket,groceries,debit,USD,5,45.0,20.0,0.10265621996172626,other
1224,user_142,video streaming plan,streaming,debit,USD,5,31.0,0.25,0.0,monthly_candidate
1228,user_143,bulk pantry shop,groceries,debit,ZAR,8,14.0,28.0,0.15367515904937515,other
1231,user_143,family dinner,dining,debit,ZAR,4,28.0,14.0,0.06351143957775891,monthly_candidate
1232,user_143,food delivery membership,delivery_membership,debit,ZAR,5,31.0,0.75,0.0,monthly_candidate
1237,user_143,landlord standing order,rent,debit,ZAR,6,31.0,1.0,0.0,monthly_candidate
1238,user_143,loan repayment,debt_repayment,debit,ZAR,5,31.0,0.75,0.0,monthly_candidate
1240,user_143,local taxi,transport,debit,ZAR,5,24.5,24.5,0.16123606936412105,other
1243,user_143,music subscription,music_subscription,debit,ZAR,5,31.0,0.75,0.0,monthly_candidate
1247,user_143,payroll credit,salary,credit,ZAR,5,31.0,0.75,0.0,monthly_candidate
1250,user_143,rail pass,transport,debit,ZAR,4,7.0,21.0,0.1219803154710997,weekly_candidate
1252,user_143,school fee payment,education,debit,ZAR,5,31.0,0.75,0.0,monthly_candidate
1254,user_143,vehicle charging,transport,debit,ZAR,5,21.0,24.5,0.11360906431460985,other
1255,user_143,water and power payment,utilities,debit,ZAR,5,31.0,0.75,0.02848832068704397,monthly_candidate
1258,user_144,audio streaming plan,music_subscription,debit,USD,5,30.5,1.5,0.0,monthly_candidate
1259,user_144,bulk pantry shop,groceries,debit,USD,5,28.0,38.5,0.06068591173544854,monthly_candidate
1260,user_144,commuter pass,transport,debit,USD,4,7.0,31.5,0.06153189959891861,weekly_candidate
1261,user_144,delivery service plan,delivery_membership,debit,USD,5,30.5,1.5,0.0,monthly_candidate
1262,user_144,education loan instalment,debt_repayment,debit,USD,5,30.5,1.5,0.0,monthly_candidate
1263,user_144,family dinner,dining,debit,USD,4,14.0,28.0,0.15105728903326857,other
1269,user_144,local market purchase,groceries,debit,USD,5,21.0,28.0,0.1827947154466211,other
1270,user_144,local taxi,transport,debit,USD,4,49.0,38.5,0.08686021985278804,other
1272,user_144,metro and bus fares,transport,debit,USD,4,28.0,31.5,0.1598292340490895,monthly_candidate
1275,user_144,professional training fee,education,debit,USD,5,30.5,1.5,0.0,monthly_candidate
1277,user_144,ride-hailing trip,transport,debit,USD,7,10.5,12.25,0.17698753131769004,other
1278,user_144,shared housing rent,rent,debit,USD,6,30.0,1.0,1.2872151010146743e-16,monthly_candidate
1279,user_144,takeaway order,dining,debit,USD,4,42.0,28.0,0.12510130708131484,other
1281,user_144,water and power payment,utilities,debit,USD,5,30.5,1.5,0.06463347383652893,monthly_candidate
1282,user_144,weekly produce market,groceries,debit,USD,4,28.0,10.5,0.05984083618217246,monthly_candidate
1284,user_145,bulk pantry shop,groceries,debit,INR,6,28.0,21.0,0.15599090764912296,monthly_candidate
1285,user_145,clothing and household items,shopping,debit,INR,5,31.0,0.25,0.07189558056308779,monthly_candidate
1286,user_145,cloud storage plan,cloud_storage,debit,INR,5,31.0,0.25,0.0,monthly_candidate
1291,user_145,fuel refill,transport,debit,INR,5,21.0,22.75,0.1718991650804995,other
1292,user_145,grocery delivery,groceries,debit,INR,4,35.0,31.5,0.20456176327113793,other
1294,user_145,landlord standing order,rent,debit,INR,6,31.0,1.0,0.0,monthly_candidate
1298,user_145,metro and bus fares,transport,debit,INR,5,17.5,40.25,0.18002018318092547,other
1299,user_145,neighbourhood grocer,groceries,debit,INR,5,24.5,24.5,0.1569673347630946,other
1302,user_145,payroll credit,salary,credit,INR,5,31.0,0.25,0.0,monthly_candidate
1308,user_145,vehicle charging,transport,debit,INR,5,24.5,29.75,0.14434304796344402,other
1309,user_145,vehicle loan payment,debt_repayment,debit,INR,5,31.0,0.25,0.0,monthly_candidate
1310,user_145,video streaming plan,streaming,debit,INR,5,31.0,0.25,0.0,monthly_candidate
1311,user_145,water and power payment,utilities,debit,INR,5,31.0,0.25,0.06645746119526706,monthly_candidate
1315,user_146,cloud storage plan,cloud_storage,debit,INR,5,30.5,1.0,0.0,monthly_candidate
1318,user_146,course tuition,education,debit,INR,5,30.5,1.0,0.0,monthly_candidate
1319,user_146,electricity bill,utilities,debit,INR,5,30.5,1.0,0.06719580232859178,monthly_candidate
1325,user_146,home repair reserve,housing,debit,INR,5,30.5,1.0,0.0,monthly_candidate
1327,user_146,insurance policy payment,insurance,debit,INR,5,30.5,1.0,0.0,monthly_candidate
1331,user_146,monthly entertainment spend,entertainment,debit,INR,5,30.5,1.0,0.053848804435069904,monthly_candidate
1334,user_146,payroll credit,salary,credit,INR,5,30.5,1.0,0.0,monthly_candidate
1339,user_146,supermarket basket,groceries,debit,INR,4,40.0,40.0,0.09616619586822868,other
1341,user_146,therapy appointment,healthcare,debit,INR,5,30.5,1.0,0.06287815222200527,monthly_candidate
1345,user_147,apartment rent transfer,rent,debit,EUR,6,31.0,1.0,0.0,monthly_candidate
1346,user_147,bulk pantry shop,groceries,debit,EUR,4,10.0,25.0,0.14165685240894213,other
1347,user_147,clothing and household items,shopping,debit,EUR,5,30.5,1.5,0.06305180299517725,monthly_candidate
1349,user_147,electricity bill,utilities,debit,EUR,5,30.5,1.5,0.08039561846183277,monthly_candidate
1360,user_147,online backup subscription,cloud_storage,debit,EUR,5,30.5,1.5,0.0,monthly_candidate
1365,user_147,supermarket basket,groceries,debit,EUR,4,50.0,15.0,0.18078586198831972,other
1368,user_147,video streaming plan,streaming,debit,EUR,5,30.5,1.5,0.0,monthly_candidate
1370,user_148,audio streaming plan,music_subscription,debit,ZAR,5,30.5,1.25,0.0,monthly_candidate
1371,user_148,bulk pantry shop,groceries,debit,ZAR,4,14.0,35.0,0.16716426258305128,other
1373,user_148,community fitness plan,gym,debit,ZAR,5,30.5,1.25,0.0,monthly_candidate
1375,user_148,electricity and water bill,utilities,debit,ZAR,6,31.0,1.0,0.06254299059666134,monthly_candidate
1377,user_148,food delivery membership,delivery_membership,debit,ZAR,5,30.5,1.25,0.0,monthly_candidate
1380,user_148,games and recreation,entertainment,debit,ZAR,5,30.5,1.25,0.026719468812215895,monthly_candidate
1386,user_148,local taxi,transport,debit,ZAR,5,14.0,24.5,0.167226554677617,other
1391,user_148,parking and tolls,transport,debit,ZAR,4,56.0,31.5,0.05501511281672185,other
1392,user_148,payroll credit,salary,credit,ZAR,5,30.5,1.25,0.0,monthly_candidate
1393,user_148,rail pass,transport,debit,ZAR,4,42.0,21.0,0.17217232154237425,other
1395,user_148,shared housing rent,rent,debit,ZAR,6,31.0,1.0,0.0,monthly_candidate
1396,user_148,supermarket basket,groceries,debit,ZAR,6,21.0,21.0,0.08807612956132412,other
1400,user_148,weekly produce market,groceries,debit,ZAR,4,14.0,24.5,0.17897383295704936,other
1401,user_149,bulk pantry shop,groceries,debit,ZAR,4,35.0,10.5,0.12722586878940453,other
1402,user_149,childcare contribution,family_support,debit,ZAR,5,30.5,1.0,0.0,monthly_candidate
1403,user_149,clinic payment,healthcare,debit,ZAR,5,30.5,1.0,0.057437608333363574,monthly_candidate
1404,user_149,cloud storage plan,cloud_storage,debit,ZAR,5,30.5,1.0,0.0,monthly_candidate
1406,user_149,education loan instalment,debt_repayment,debit,ZAR,5,30.5,1.0,0.0,monthly_candidate
1407,user_149,energy provider bill,utilities,debit,ZAR,5,30.5,1.0,0.06980601087122779,monthly_candidate
1410,user_149,grocery delivery,groceries,debit,ZAR,4,42.0,38.5,0.10168083955334663,other
1415,user_149,monthly rent,rent,debit,ZAR,6,31.0,1.0,0.0,monthly_candidate
1416,user_149,monthly shopping spend,shopping,debit,ZAR,5,30.5,1.0,0.0658441375418055,monthly_candidate
1419,user_149,payroll credit,salary,credit,ZAR,5,30.5,1.0,0.0,monthly_candidate
1423,user_149,supermarket basket,groceries,debit,ZAR,6,28.0,28.0,0.12598010878460544,monthly_candidate
1426,user_150,bakery and snacks,dining,debit,EUR,5,42.0,10.5,0.0895978907823481,other
1427,user_150,bulk pantry shop,groceries,debit,EUR,5,25.0,42.5,0.07860153971683742,other
1429,user_150,commuter pass,transport,debit,EUR,7,27.5,26.25,0.2102969993088367,other
1430,user_150,family dinner,dining,debit,EUR,6,14.0,14.0,0.1439330980552739,other
1431,user_150,family streaming plan,streaming,debit,EUR,5,30.5,1.0,0.0,monthly_candidate
1435,user_150,health insurance premium,insurance,debit,EUR,5,30.5,1.0,0.0,monthly_candidate
1436,user_150,household utility payment,utilities,debit,EUR,5,30.5,1.0,0.06578142478353362,monthly_candidate
1437,user_150,local event tickets,entertainment,debit,EUR,5,30.5,1.0,0.06702818438528103,monthly_candidate
1439,user_150,local taxi,transport,debit,EUR,4,15.0,30.0,0.1851751693709059,other
1441,user_150,metro and bus fares,transport,debit,EUR,5,32.5,12.5,0.1608763688090915,other
1443,user_150,neighbourhood restaurant,dining,debit,EUR,4,56.0,21.0,0.11314187582961299,other
1444,user_150,online backup subscription,cloud_storage,debit,EUR,5,30.5,1.0,0.0,monthly_candidate
1445,user_150,online retail purchases,shopping,debit,EUR,5,30.5,1.0,0.053633647090215765,monthly_candidate
1447,user_150,payroll credit,salary,credit,EUR,5,30.5,1.0,0.1978035489455461,monthly_candidate
1450,user_150,residential rent payment,rent,debit,EUR,6,31.0,1.0,2.1178621036068557e-16,monthly_candidate
1451,user_150,ride-hailing trip,transport,debit,EUR,7,20.0,23.75,0.11218971475546469,other
1452,user_150,supermarket basket,groceries,debit,EUR,6,10.0,10.0,0.18304834464862038,other
1457,user_151,audio streaming plan,music_subscription,debit,IDR,5,30.5,1.0,0.0,monthly_candidate
1461,user_151,energy provider bill,utilities,debit,IDR,5,30.5,1.0,0.04469697561768679,monthly_candidate
1467,user_151,landlord standing order,rent,debit,IDR,5,30.5,1.0,0.0,monthly_candidate
1475,user_151,previous employer payroll,salary,credit,IDR,4,30.0,0.5,0.0,monthly_candidate
1479,user_151,takeaway order,dining,debit,IDR,4,42.0,31.5,0.17453603555757946,other
1480,user_151,vehicle loan payment,debt_repayment,debit,IDR,5,30.5,1.0,0.0,monthly_candidate
1482,user_152,apartment rent transfer,rent,debit,ZAR,6,31.0,1.0,0.0,monthly_candidate
1489,user_152,food delivery membership,delivery_membership,debit,ZAR,5,30.5,1.0,0.0,monthly_candidate
1490,user_152,fresh food shop,groceries,debit,ZAR,4,14.0,21.0,0.11429863894591497,other
1491,user_152,fuel refill,transport,debit,ZAR,4,14.0,21.0,0.19614060915953274,other
1492,user_152,grocery delivery,groceries,debit,ZAR,4,14.0,7.0,0.08278350655973989,other
1494,user_152,household utility payment,utilities,debit,ZAR,5,30.5,1.0,0.0576948592269977,monthly_candidate
1495,user_152,local market purchase,groceries,debit,ZAR,4,14.0,10.5,0.10189892926163124,other
1498,user_152,music subscription,music_subscription,debit,ZAR,5,30.5,1.0,0.0,monthly_candidate
1501,user_152,parking and tolls,transport,debit,ZAR,5,31.5,45.5,0.14881872949179487,monthly_candidate
1502,user_152,payroll credit,salary,credit,ZAR,5,30.5,1.0,0.0,monthly_candidate
1503,user_152,professional training fee,education,debit,ZAR,5,30.5,1.0,0.0,monthly_candidate
1504,user_152,rail pass,transport,debit,ZAR,4,28.0,17.5,0.033125662880925534,monthly_candidate
1506,user_152,ride-hailing trip,transport,debit,ZAR,5,24.5,15.75,0.13379121640315458,other
1507,user_152,supermarket basket,groceries,debit,ZAR,7,17.5,17.5,0.16477102929665258,other
1510,user_152,vehicle loan payment,debt_repayment,debit,ZAR,5,30.5,1.0,0.0,monthly_candidate
1512,user_153,bakery and snacks,dining,debit,USD,4,21.0,35.0,0.1077838259862221,other
1514,user_153,cloud storage plan,cloud_storage,debit,USD,5,30.5,1.5,0.0,monthly_candidate
1517,user_153,electricity bill,utilities,debit,USD,6,30.0,1.0,0.04649144087112934,monthly_candidate
1518,user_153,family dinner,dining,debit,USD,4,35.0,38.5,0.13903090659847414,other
1519,user_153,fresh food shop,groceries,debit,USD,5,25.0,15.0,0.16489371689741267,other
1520,user_153,games and recreation,entertainment,debit,USD,5,30.5,1.5,0.0825003362827075,monthly_candidate
1522,user_153,health insurance premium,insurance,debit,USD,5,30.5,1.5,0.0,monthly_candidate
1524,user_153,local taxi,transport,debit,USD,5,22.5,8.75,0.11491853506061668,other
1526,user_153,metro and bus fares,transport,debit,USD,5,40.0,22.5,0.12355187108280163,other
1527,user_153,monthly shopping spend,shopping,debit,USD,5,30.5,1.5,0.06311093232621853,monthly_candidate
1528,user_153,neighbourhood grocer,groceries,debit,USD,6,30.0,10.0,0.17982666825615745,monthly_candidate
1529,user_153,neighbourhood restaurant,dining,debit,USD,6,14.0,35.0,0.16958440046190115,other
1530,user_153,parking and tolls,transport,debit,USD,8,10.0,7.5,0.1710228206099224,other
1531,user_153,payroll credit,salary,credit,EUR,5,30.5,1.5,0.0,monthly_candidate
1534,user_153,residential rent payment,rent,debit,USD,6,30.0,1.0,0.0,monthly_candidate
1535,user_153,ride-hailing trip,transport,debit,USD,8,15.0,15.0,0.1575292946197325,other
1537,user_153,takeaway order,dining,debit,USD,4,28.0,21.0,0.12988994194665376,monthly_candidate
1538,user_153,vehicle charging,transport,debit,USD,4,20.0,32.5,0.18160167639790725,other
1539,user_153,video streaming plan,streaming,debit,USD,5,30.5,1.5,0.0,monthly_candidate
1541,user_154,bulk pantry shop,groceries,debit,EUR,5,24.5,38.5,0.09536162862258254,other
1542,user_154,cloud storage plan,cloud_storage,debit,EUR,5,31.0,0.25,0.0,monthly_candidate
1543,user_154,credit card repayment,debt_repayment,debit,EUR,5,31.0,0.25,0.0,monthly_candidate
1544,user_154,electricity bill,utilities,debit,EUR,5,31.0,0.25,0.0462483211983828,monthly_candidate
1549,user_154,household groceries,groceries,debit,EUR,4,42.0,21.0,0.13413542248138818,other
1553,user_154,metro and bus fares,transport,debit,EUR,4,35.0,31.5,0.14777939055094796,other
1554,user_154,neighbourhood grocer,groceries,debit,EUR,5,17.5,14.0,0.1774130458319223,other
1556,user_154,parking and tolls,transport,debit,EUR,7,17.5,26.25,0.12403246338482031,other
1557,user_154,personal shopping,shopping,debit,EUR,5,31.0,0.25,0.06825335779275031,monthly_candidate
1558,user_154,primary household salary,salary,credit,EUR,5,31.0,0.25,0.0,monthly_candidate
1562,user_154,second household income,salary,credit,EUR,4,31.0,0.5,0.05075895953725138,monthly_candidate
1563,user_154,shared housing rent,rent,debit,EUR,6,31.0,1.0,1.1209508747940845e-16,monthly_candidate
1564,user_154,streaming subscription,streaming,debit,EUR,5,31.0,0.25,0.0,monthly_candidate
1567,user_154,vehicle charging,transport,debit,EUR,4,35.0,49.0,0.15756260774068687,other
1571,user_155,building maintenance payment,housing,debit,INR,6,31.0,1.0,0.0,monthly_candidate
1575,user_155,course tuition,education,debit,INR,5,31.0,0.75,0.0,monthly_candidate
1577,user_155,family healthcare expense,healthcare,debit,INR,5,31.0,0.75,0.06810174588633078,monthly_candidate
1581,user_155,household utility payment,utilities,debit,INR,5,31.0,0.75,0.06535136338367838,monthly_candidate
1582,user_155,insurance policy payment,insurance,debit,INR,5,31.0,0.75,0.0,monthly_candidate
1587,user_155,monthly entertainment spend,entertainment,debit,INR,5,31.0,0.75,0.06577956845041087,monthly_candidate
1589,user_155,online backup subscription,cloud_storage,debit,INR,5,31.0,0.75,0.0,monthly_candidate
1595,user_155,supermarket basket,groceries,debit,INR,5,15.0,35.0,0.11979853074408621,other
1599,user_156,apartment rent transfer,rent,debit,ZAR,6,31.0,1.0,0.0,monthly_candidate
1600,user_156,bakery and snacks,dining,debit,ZAR,4,21.0,0.0,0.1629249507771764,other
1608,user_156,household utility payment,utilities,debit,ZAR,5,30.5,1.5,0.038081489510876275,monthly_candidate
1613,user_156,online retail purchases,shopping,debit,ZAR,5,30.5,1.5,0.06792632361392188,monthly_candidate
1616,user_156,payroll credit,salary,credit,ZAR,5,30.5,1.5,0.0,monthly_candidate
1618,user_156,shared storage plan,cloud_storage,debit,ZAR,5,30.5,1.5,0.0,monthly_candidate
1619,user_156,streaming subscription,streaming,debit,ZAR,5,30.5,1.5,0.0,monthly_candidate
1625,user_157,audio streaming plan,music_subscription,debit,IDR,5,31.0,0.25,0.0,monthly_candidate
1626,user_157,bakery and snacks,dining,debit,IDR,4,28.0,7.0,0.0741599724043472,monthly_candidate
1627,user_157,bulk pantry shop,groceries,debit,IDR,4,42.0,14.0,0.12873136829758106,other
1629,user_157,electricity bill,utilities,debit,IDR,5,31.0,0.25,0.04975564278161082,monthly_candidate
1631,user_157,fitness club membership,gym,debit,IDR,5,31.0,0.25,0.0,monthly_candidate
1632,user_157,food delivery membership,delivery_membership,debit,IDR,5,31.0,0.25,0.0,monthly_candidate
1634,user_157,fuel refill,transport,debit,IDR,5,28.0,24.5,0.12222777122953003,monthly_candidate
1635,user_157,grocery delivery,groceries,debit,IDR,4,28.0,35.0,0.1553884813651663,monthly_candidate
1636,user_157,household groceries,groceries,debit,IDR,4,28.0,14.0,0.16916800095061404,monthly_candidate
1637,user_157,local market purchase,groceries,debit,IDR,4,14.0,63.0,0.18146726868540555,other
1641,user_157,monthly rent,rent,debit,IDR,6,31.0,1.0,0.0,monthly_candidate
1644,user_157,payroll credit,salary,credit,IDR,5,31.0,0.25,0.1544723261214617,monthly_candidate
1646,user_157,ride-hailing trip,transport,debit,IDR,4,7.0,24.5,0.05964164310006936,weekly_candidate
1649,user_157,vehicle charging,transport,debit,IDR,6,21.0,35.0,0.21722362201060919,other
1650,user_157,weekend entertainment,entertainment,debit,IDR,5,31.0,0.25,0.05726523344553254,monthly_candidate
1652,user_157,weekly produce market,groceries,debit,IDR,5,35.0,49.0,0.174924248118996,other
1669,user_158,municipal utilities,utilities,debit,INR,5,30.5,1.0,0.044735672953424385,monthly_candidate
1672,user_158,online retail purchases,shopping,debit,INR,5,30.5,1.0,0.0642359817360976,monthly_candidate
1676,user_158,shared housing rent,rent,debit,INR,6,31.0,1.0,0.0,monthly_candidate
1677,user_158,shared storage plan,cloud_storage,debit,INR,5,30.5,1.0,0.0,monthly_candidate
1678,user_158,streaming subscription,streaming,debit,INR,5,30.5,1.0,0.0,monthly_candidate
1679,user_158,supermarket basket,groceries,debit,INR,4,10.0,25.0,0.17445210935006358,other
1681,user_158,vehicle charging,transport,debit,INR,4,21.0,10.5,0.2272941682487672,other
1685,user_159,apartment rent transfer,rent,debit,ZAR,5,30.5,1.0,0.0,monthly_candidate
1687,user_159,bulk pantry shop,groceries,debit,ZAR,4,28.0,31.5,0.0929953029985874,monthly_candidate
1688,user_159,cinema and events,entertainment,debit,ZAR,5,30.5,1.0,0.06482912356184771,monthly_candidate
1690,user_159,community fitness plan,gym,debit,ZAR,5,30.5,1.0,0.0,monthly_candidate
1692,user_159,delivery platform payout,salary,credit,ZAR,6,31.0,30.0,0.17631233692513895,monthly_candidate
1693,user_159,driver platform payout,salary,credit,ZAR,5,27.5,9.25,0.14115266382418684,other
1694,user_159,energy provider bill,utilities,debit,ZAR,5,30.5,1.0,0.09411448707655486,monthly_candidate
1699,user_159,grocery delivery membership,delivery_membership,debit,ZAR,5,30.5,1.0,0.0,monthly_candidate
1700,user_159,household groceries,groceries,debit,ZAR,6,7.0,7.0,0.17049448781090804,weekly_candidate
1701,user_159,local market purchase,groceries,debit,ZAR,4,28.0,17.5,0.07835997852612107,monthly_candidate
1704,user_159,music subscription,music_subscription,debit,ZAR,5,30.5,1.0,0.0,monthly_candidate
1709,user_159,rail pass,transport,debit,ZAR,6,35.0,35.0,0.1925970586586406,other
1710,user_159,ride-hailing trip,transport,debit,ZAR,5,28.0,8.75,0.12032216236982768,monthly_candidate
1713,user_159,task marketplace payout,salary,credit,ZAR,4,23.0,16.5,0.12863007930210799,other
1716,user_159,weekly app earnings,salary,credit,ZAR,5,20.0,26.0,0.1659776988292528,other
1721,user_160,energy provider bill,utilities,debit,EUR,6,31.0,1.0,0.02916229177349655,monthly_candidate
1725,user_160,local market purchase,groceries,debit,EUR,4,56.0,42.0,0.11576575814430881,other
1728,user_160,monthly rent,rent,debit,EUR,6,31.0,1.0,0.0,monthly_candidate
1729,user_160,music service subscription,music_subscription,debit,EUR,5,30.5,1.25,0.0,monthly_candidate
1734,user_160,previous employer payroll,salary,credit,EUR,4,31.0,1.0,0.0,monthly_candidate
1740,user_160,vehicle loan payment,debt_repayment,debit,EUR,5,30.5,1.25,0.0,monthly_candidate
1746,user_161,commuter pass,transport,debit,IDR,6,21.0,7.0,0.11958874456609468,other
1747,user_161,education loan instalment,debt_repayment,debit,IDR,5,30.5,1.0,0.0,monthly_candidate
1748,user_161,food delivery membership,delivery_membership,debit,IDR,5,30.5,1.0,0.0,monthly_candidate
1749,user_161,fresh food shop,groceries,debit,IDR,4,35.0,14.0,0.06989653347292289,other
1750,user_161,fuel refill,transport,debit,IDR,4,42.0,38.5,0.056129260456269495,other
1753,user_161,landlord standing order,rent,debit,IDR,6,31.0,1.0,0.0,monthly_candidate
1754,user_161,local market purchase,groceries,debit,IDR,5,42.0,21.0,0.14284749936891628,other
1758,user_161,music service subscription,music_subscription,debit,IDR,5,30.5,1.0,0.0,monthly_candidate
1761,user_161,parking and tolls,transport,debit,IDR,6,35.0,28.0,0.17526002349922853,other
1762,user_161,professional training fee,education,debit,IDR,5,30.5,1.0,0.0,monthly_candidate
1767,user_161,supermarket basket,groceries,debit,IDR,4,42.0,10.5,0.20040127056691437,other
1770,user_161,water and power payment,utilities,debit,IDR,5,30.5,1.0,0.07997645748453881,monthly_candidate
1777,user_162,energy provider bill,utilities,debit,IDR,5,30.5,1.5,0.038365901372367006,monthly_candidate
1779,user_162,fresh food shop,groceries,debit,IDR,4,30.0,10.0,0.07741309376905552,monthly_candidate
1782,user_162,health insurance premium,insurance,debit,IDR,5,30.5,1.5,0.0,monthly_candidate
1783,user_162,home repair reserve,housing,debit,IDR,6,30.0,1.0,0.0,monthly_candidate
1792,user_162,payroll credit,salary,credit,IDR,5,30.5,1.5,0.0,monthly_candidate
1795,user_162,streaming subscription,streaming,debit,IDR,5,30.5,1.5,0.0,monthly_candidate
1798,user_162,therapy appointment,healthcare,debit,IDR,5,30.5,1.5,0.06067642628543692,monthly_candidate
1803,user_163,clothing and household items,shopping,debit,IDR,5,30.5,1.0,0.04529841592271142,monthly_candidate
1806,user_163,credit card repayment,debt_repayment,debit,IDR,5,30.5,1.0,0.0,monthly_candidate
1807,user_163,electricity and water bill,utilities,debit,IDR,5,30.5,1.0,0.0702188168569406,monthly_candidate
1809,user_163,family streaming plan,streaming,debit,IDR,5,30.5,1.0,0.0,monthly_candidate
1811,user_163,fuel refill,transport,debit,IDR,5,24.5,36.75,0.06532503170269018,other
1812,user_163,grocery delivery,groceries,debit,IDR,8,7.0,14.0,0.18477776623661576,weekly_candidate
1819,user_163,neighbourhood restaurant,dining,debit,IDR,4,28.0,14.0,0.09093350948677167,monthly_candidate
1820,user_163,online backup subscription,cloud_storage,debit,IDR,5,30.5,1.0,0.0,monthly_candidate
1822,user_163,payroll credit,salary,credit,IDR,5,30.5,1.0,0.0,monthly_candidate
1826,user_163,residential rent payment,rent,debit,IDR,6,31.0,1.0,0.0,monthly_candidate
1827,user_163,ride-hailing trip,transport,debit,IDR,7,28.0,29.75,0.069163125351859,monthly_candidate
1828,user_163,supermarket basket,groceries,debit,IDR,6,14.0,14.0,0.16326609684353074,other
1835,user_164,base salary,salary,credit,IDR,5,30.5,1.0,0.0,monthly_candidate
1837,user_164,child education fee,education,debit,IDR,5,30.5,1.0,0.0,monthly_candidate
1839,user_164,diagnostic test,healthcare,debit,IDR,5,30.5,1.0,0.0403106337975845,monthly_candidate
1840,user_164,energy provider bill,utilities,debit,IDR,5,30.5,1.0,0.043611650898149314,monthly_candidate
1843,user_164,games and recreation,entertainment,debit,IDR,5,30.5,1.0,0.05484924386924489,monthly_candidate
1844,user_164,home association fee,housing,debit,IDR,6,31.0,1.0,0.0,monthly_candidate
1846,user_164,insurance policy payment,insurance,debit,IDR,5,30.5,1.0,0.0,monthly_candidate
1848,user_164,local taxi,transport,debit,IDR,5,35.0,17.5,0.12837947371161604,other
1853,user_164,online backup subscription,cloud_storage,debit,IDR,5,30.5,1.0,0.0,monthly_candidate
1863,user_164,weekly produce market,groceries,debit,IDR,4,40.0,35.0,0.06764871497958173,other
1865,user_165,bulk pantry shop,groceries,debit,INR,6,10.0,0.0,0.1206360334365521,other
1866,user_165,cloud storage plan,cloud_storage,debit,INR,5,30.5,1.5,0.0,monthly_candidate
1868,user_165,energy provider bill,utilities,debit,INR,5,30.5,1.5,0.07043606349829595,monthly_candidate
1879,user_165,monthly rent,rent,debit,INR,6,31.0,1.0,0.0,monthly_candidate
1881,user_165,online retail purchases,shopping,debit,INR,5,30.5,1.5,0.08711827424836355,monthly_candidate
1883,user_165,payroll credit,salary,credit,INR,4,31.0,0.5,0.0,monthly_candidate
1889,user_165,video streaming plan,streaming,debit,INR,5,30.5,1.5,0.0,monthly_candidate
1895,user_166,clothing and household items,shopping,debit,USD,5,31.0,0.25,0.06886027005429741,monthly_candidate
1899,user_166,family streaming plan,streaming,debit,USD,5,31.0,0.25,0.0,monthly_candidate
1901,user_166,fresh food shop,groceries,debit,USD,4,10.0,5.0,0.12073758693269211,other
1907,user_166,neighbourhood grocer,groceries,debit,USD,4,40.0,45.0,0.17161651450920692,other
1910,user_166,residential rent payment,rent,debit,USD,5,31.0,0.25,0.0,monthly_candidate
1912,user_166,shared storage plan,cloud_storage,debit,USD,5,31.0,0.25,0.0,monthly_candidate
1915,user_166,water and power payment,utilities,debit,USD,5,31.0,0.25,0.06308419528324993,monthly_candidate
1917,user_167,bulk pantry shop,groceries,debit,ZAR,6,7.0,0.0,0.1893061025254793,weekly_candidate
1919,user_167,clothing and household items,shopping,debit,ZAR,5,31.0,0.75,0.031798183928367654,monthly_candidate
1920,user_167,cloud storage plan,cloud_storage,debit,ZAR,5,31.0,0.75,0.0,monthly_candidate
1921,user_167,commuter pass,transport,debit,ZAR,4,28.0,28.0,0.17796932272943808,monthly_candidate
1922,user_167,electricity and water bill,utilities,debit,ZAR,5,31.0,0.75,0.07996781171259977,monthly_candidate
1923,user_167,fresh food shop,groceries,debit,ZAR,4,49.0,31.5,0.08712654892478297,other
1927,user_167,local market purchase,groceries,debit,ZAR,4,7.0,42.0,0.1415041888536738,weekly_candidate
1929,user_167,parent support transfer,family_support,debit,ZAR,5,31.0,0.75,0.0,monthly_candidate
1930,user_167,payroll credit,salary,credit,ZAR,5,31.0,2.75,0.0,monthly_candidate
1931,user_167,personal loan payment,debt_repayment,debit,ZAR,5,31.0,0.75,0.0,monthly_candidate
1933,user_167,residential rent payment,rent,debit,ZAR,6,31.0,1.0,0.0,monthly_candidate
1936,user_167,supermarket basket,groceries,debit,ZAR,5,7.0,7.0,0.15138712108807406,weekly_candidate
1937,user_167,therapy appointment,healthcare,debit,ZAR,5,31.0,0.75,0.060901838906956815,monthly_candidate
1939,user_168,bakery and snacks,dining,debit,INR,6,35.0,0.0,0.12188235187999288,other
1941,user_168,coffee shop,dining,debit,INR,4,56.0,45.5,0.09204442518458704,other
1943,user_168,family dinner,dining,debit,INR,5,31.5,14.0,0.1424126939271808,monthly_candidate
1946,user_168,grocery delivery,groceries,debit,INR,4,30.0,30.0,0.16479105520232512,monthly_candidate
1948,user_168,household shopping,shopping,debit,INR,5,30.5,1.0,0.0655960124700229,monthly_candidate
1949,user_168,landlord standing order,rent,debit,INR,6,31.0,1.0,0.0,monthly_candidate
1951,user_168,local taxi,transport,debit,INR,6,30.0,10.0,0.12453460716116259,monthly_candidate
1952,user_168,lunch with colleagues,dining,debit,INR,4,28.0,31.5,0.2072893041580002,monthly_candidate
1953,user_168,metro and bus fares,transport,debit,INR,4,25.0,12.5,0.046413168996887674,other
1954,user_168,monthly entertainment spend,entertainment,debit,INR,5,30.5,1.0,0.06386683198788076,monthly_candidate
1955,user_168,municipal utilities,utilities,debit,INR,6,31.0,1.0,0.04056159728156443,monthly_candidate
1958,user_168,online backup subscription,cloud_storage,debit,INR,5,30.5,1.0,0.0,monthly_candidate
1959,user_168,parking and tolls,transport,debit,INR,4,45.0,42.5,0.15800888939094412,other
1960,user_168,payroll credit,salary,credit,INR,5,30.5,1.0,0.1978021978021978,monthly_candidate
1962,user_168,rail pass,transport,debit,INR,7,22.5,22.5,0.15463105509610967,other
1963,user_168,ride-hailing trip,transport,debit,INR,6,15.0,25.0,0.20281635170304405,other
1967,user_168,vehicle insurance premium,insurance,debit,INR,6,31.0,1.0,0.0,monthly_candidate
1968,user_168,video streaming plan,streaming,debit,INR,5,30.5,1.0,0.0,monthly_candidate
1972,user_169,bulk pantry shop,groceries,debit,ZAR,4,20.0,10.0,0.16654987453565406,other
1973,user_169,cloud storage plan,cloud_storage,debit,ZAR,5,31.0,0.25,0.0,monthly_candidate
1974,user_169,coffee shop,dining,debit,ZAR,4,7.0,21.0,0.18135639673726336,weekly_candidate
1978,user_169,fuel refill,transport,debit,ZAR,5,20.0,11.25,0.13990315832037914,other
1980,user_169,household groceries,groceries,debit,ZAR,4,50.0,15.0,0.12853111751402782,other
1981,user_169,household insurance,insurance,debit,ZAR,5,31.0,0.25,0.0,monthly_candidate
1982,user_169,household utility payment,utilities,debit,ZAR,5,31.0,0.25,0.046485870343484156,monthly_candidate
1983,user_169,local event tickets,entertainment,debit,ZAR,5,31.0,0.25,0.05168422278677663,monthly_candidate
1985,user_169,local taxi,transport,debit,ZAR,5,12.5,28.75,0.07424378463714994,other
1988,user_169,monthly rent,rent,debit,ZAR,6,31.0,1.0,0.0,monthly_candidate
1989,user_169,monthly shopping spend,shopping,debit,ZAR,5,31.0,0.25,0.06168256858173595,monthly_candidate
1990,user_169,neighbourhood grocer,groceries,debit,ZAR,4,10.0,0.0,0.22262463491528373,other
1991,user_169,neighbourhood restaurant,dining,debit,ZAR,7,21.0,14.0,0.12872278757789613,other
1993,user_169,payroll credit,salary,credit,EUR,5,31.0,0.25,0.0,monthly_candidate
1994,user_169,quick-service meal,dining,debit,ZAR,5,21.0,28.0,0.09475664695666657,other
1995,user_169,rail pass,transport,debit,ZAR,9,15.0,22.5,0.1267459241839991,other
1996,user_169,ride-hailing trip,transport,debit,ZAR,6,20.0,20.0,0.1720939669372392,other
1998,user_169,vehicle charging,transport,debit,ZAR,5,27.5,31.25,0.17919116672326496,other
1999,user_169,video streaming plan,streaming,debit,ZAR,5,31.0,0.25,0.0,monthly_candidate
2002,user_170,audio streaming plan,music_subscription,debit,IDR,5,30.5,1.0,0.0,monthly_candidate
2005,user_170,commuter pass,transport,debit,IDR,6,28.0,21.0,0.13473645631422154,monthly_candidate
2007,user_170,fresh food shop,groceries,debit,IDR,6,14.0,14.0,0.1616189482677381,other
2010,user_170,grocery delivery membership,delivery_membership,debit,IDR,5,30.5,1.0,0.0,monthly_candidate
2013,user_170,landlord standing order,rent,debit,IDR,6,31.0,1.0,0.0,monthly_candidate
2015,user_170,local taxi,transport,debit,IDR,4,49.0,24.5,0.22928984977074704,other
2017,user_170,neighbourhood grocer,groceries,debit,IDR,8,21.0,14.0,0.12672050180731897,other
2020,user_170,payroll credit,salary,credit,IDR,5,30.5,1.0,0.0,monthly_candidate
2021,user_170,personal loan payment,debt_repayment,debit,IDR,5,30.5,1.0,0.0,monthly_candidate
2024,user_170,ride-hailing trip,transport,debit,IDR,5,28.0,35.0,0.16411517099014786,monthly_candidate
2025,user_170,school fee payment,education,debit,IDR,5,30.5,1.0,0.0,monthly_candidate
2029,user_170,water and power payment,utilities,debit,IDR,5,30.5,1.0,0.0842683285292379,monthly_candidate
2032,user_171,bakery and snacks,dining,debit,EUR,4,56.0,35.0,0.1542053091508413,other
2033,user_171,building maintenance payment,housing,debit,EUR,5,30.5,1.5,0.0,monthly_candidate
2036,user_171,diagnostic test,healthcare,debit,EUR,5,30.5,1.5,0.053745279356797016,monthly_candidate
2037,user_171,energy provider bill,utilities,debit,EUR,5,30.5,1.5,0.06626024730705857,monthly_candidate
2039,user_171,fresh food shop,groceries,debit,EUR,5,15.0,10.0,0.11727695010417898,other
2043,user_171,household insurance,insurance,debit,EUR,5,30.5,1.5,0.0,monthly_candidate
2049,user_171,payroll credit,salary,credit,EUR,5,30.5,1.5,0.0,monthly_candidate
2051,user_171,ride-hailing trip,transport,debit,EUR,4,28.0,14.0,0.10591108452942392,monthly_candidate
2052,user_171,streaming subscription,streaming,debit,EUR,5,30.5,1.5,0.0,monthly_candidate
2056,user_172,bulk pantry shop,groceries,debit,ZAR,4,42.0,24.5,0.1830561833927767,other
2058,user_172,dependent care payment,family_support,debit,ZAR,5,30.5,1.25,0.0,monthly_candidate
2059,user_172,diagnostic test,healthcare,debit,ZAR,5,30.5,1.25,0.04693090264302933,monthly_candidate
2063,user_172,household utility payment,utilities,debit,ZAR,5,30.5,1.25,0.06734364716136672,monthly_candidate
2064,user_172,landlord standing order,rent,debit,ZAR,6,31.0,1.0,0.0,monthly_candidate
2065,user_172,loan repayment,debt_repayment,debit,ZAR,5,30.5,1.25,0.0,monthly_candidate
2066,user_172,local market purchase,groceries,debit,ZAR,4,28.0,35.0,0.20207069534937291,monthly_candidate
2069,user_172,monthly shopping spend,shopping,debit,ZAR,5,30.5,1.25,0.07813308628476344,monthly_candidate
2070,user_172,neighbourhood grocer,groceries,debit,ZAR,8,21.0,24.5,0.13528703501393705,other
2071,user_172,online backup subscription,cloud_storage,debit,ZAR,5,30.5,1.25,0.0,monthly_candidate
2073,user_172,payroll credit,salary,credit,ZAR,5,30.5,1.25,0.0,monthly_candidate
2078,user_173,apartment rent transfer,rent,debit,INR,6,31.0,1.0,0.0,monthly_candidate
2080,user_173,cloud storage plan,cloud_storage,debit,INR,5,30.5,1.0,0.0,monthly_candidate
2083,user_173,family dinner,dining,debit,INR,6,28.0,35.0,0.16209709181388263,monthly_candidate
2084,user_173,fresh food shop,groceries,debit,INR,4,20.0,20.0,0.12427831889649063,other
2085,user_173,fuel refill,transport,debit,INR,6,20.0,25.0,0.16195743305504753,other
2088,user_173,household shopping,shopping,debit,INR,5,30.5,1.0,0.0523633721211268,monthly_candidate
2089,user_173,household utility payment,utilities,debit,INR,6,31.0,1.0,0.0629210057649739,monthly_candidate
2090,user_173,international employer payroll,salary,credit,USD,5,30.5,1.0,0.0,monthly_candidate
2092,user_173,local taxi,transport,debit,INR,5,40.0,12.5,0.09118607720202078,other
2094,user_173,metro and bus fares,transport,debit,INR,5,35.0,12.5,0.18025517518637613,other
2098,user_173,quick-service meal,dining,debit,INR,4,28.0,17.5,0.2285918434018669,monthly_candidate
2099,user_173,rail pass,transport,debit,INR,6,10.0,25.0,0.12426646454918158,other
2100,user_173,ride-hailing trip,transport,debit,INR,5,37.5,26.25,0.1829402915463151,other
2103,user_173,vehicle charging,transport,debit,INR,5,20.0,28.75,0.16846175990037082,other
2104,user_173,vehicle insurance premium,insurance,debit,INR,5,30.5,1.0,0.0,monthly_candidate
2105,user_173,video streaming plan,streaming,debit,INR,5,30.5,1.0,0.0,monthly_candidate
2106,user_173,weekend entertainment,entertainment,debit,INR,5,30.5,1.0,0.0171521814189027,monthly_candidate
2112,user_174,fresh food shop,groceries,debit,EUR,5,40.0,10.0,0.1253323103629634,other
2114,user_174,grocery delivery,groceries,debit,EUR,4,20.0,50.0,0.15125955655790696,other
2116,user_174,household shopping,shopping,debit,EUR,5,30.5,1.5,0.04027842657394234,monthly_candidate
2120,user_174,municipal utilities,utilities,debit,EUR,5,30.5,1.5,0.06496666221987216,monthly_candidate
2122,user_174,online backup subscription,cloud_storage,debit,EUR,5,30.5,1.5,0.0,monthly_candidate
2123,user_174,payroll credit,salary,credit,EUR,4,31.0,0.5,0.0,monthly_candidate
2127,user_174,shared housing rent,rent,debit,EUR,6,31.0,1.0,0.0,monthly_candidate
2131,user_174,video streaming plan,streaming,debit,EUR,5,30.5,1.5,0.0,monthly_candidate
2135,user_175,bulk pantry shop,groceries,debit,EUR,5,38.5,12.25,0.2296058591580326,other
2137,user_175,commuter pass,transport,debit,EUR,5,21.0,21.0,0.142966470283752,other
2138,user_175,delivery service plan,delivery_membership,debit,EUR,5,30.5,1.0,0.0,monthly_candidate
2139,user_175,energy provider bill,utilities,debit,EUR,5,30.5,1.0,0.056136604153835847,monthly_candidate
2141,user_175,fresh food shop,groceries,debit,EUR,4,35.0,31.5,0.08320053431267077,other
2143,user_175,gym membership,gym,debit,EUR,5,30.5,1.0,0.0,monthly_candidate
2144,user_175,household groceries,groceries,debit,EUR,5,28.0,38.5,0.1581600679444187,monthly_candidate
2145,user_175,local market purchase,groceries,debit,EUR,4,28.0,28.0,0.07396426824284452,monthly_candidate
2148,user_175,metro and bus fares,transport,debit,EUR,4,35.0,14.0,0.14052280513554727,other
2149,user_175,monthly rent,rent,debit,EUR,6,31.0,1.0,1.1458056613748844e-16,monthly_candidate
2150,user_175,music service subscription,music_subscription,debit,EUR,5,30.5,1.0,0.0,monthly_candidate
2154,user_175,payroll credit,salary,credit,EUR,5,30.5,1.0,0.15447232612146172,monthly_candidate
2156,user_175,rail pass,transport,debit,EUR,4,63.0,21.0,0.20255340183757062,other
2160,user_175,weekend entertainment,entertainment,debit,EUR,5,30.5,1.0,0.07095494973863624,monthly_candidate
2161,user_175,weekend food delivery,dining,debit,EUR,4,28.0,28.0,0.05485534964461367,monthly_candidate
2162,user_175,weekly produce market,groceries,debit,EUR,4,14.0,49.0,0.16773667252693972,other
2164,user_176,base salary,salary,credit,EUR,5,30.5,1.0,0.0,monthly_candidate
2166,user_176,clinic payment,healthcare,debit,EUR,5,30.5,1.0,0.07452708683209083,monthly_candidate
2170,user_176,grocery delivery,groceries,debit,EUR,5,17.5,15.75,0.15429390951375868,other
2172,user_176,loan repayment,debt_repayment,debit,EUR,5,30.5,1.0,0.0,monthly_candidate
2173,user_176,local market purchase,groceries,debit,EUR,4,28.0,14.0,0.06933394480053663,monthly_candidate
2177,user_176,municipal utilities,utilities,debit,EUR,5,30.5,1.0,0.07488486977203272,monthly_candidate
2179,user_176,parent support transfer,family_support,debit,EUR,5,30.5,1.0,0.0,monthly_candidate
2181,user_176,personal shopping,shopping,debit,EUR,5,30.5,1.0,0.0645192238822756,monthly_candidate
2183,user_176,residential rent payment,rent,debit,EUR,6,31.0,1.0,0.0,monthly_candidate
2185,user_176,shared storage plan,cloud_storage,debit,EUR,5,30.5,1.0,0.0,monthly_candidate
2188,user_176,weekly produce market,groceries,debit,EUR,5,35.0,15.75,0.20159797376800193,other
2189,user_177,apartment rent transfer,rent,debit,USD,6,31.0,1.0,0.0,monthly_candidate
2192,user_177,cloud storage plan,cloud_storage,debit,USD,5,30.5,1.0,0.0,monthly_candidate
2193,user_177,coffee shop,dining,debit,USD,4,28.0,24.5,0.19479123543070503,monthly_candidate
2194,user_177,commuter pass,transport,debit,USD,6,30.0,20.0,0.11829428005843994,monthly_candidate
2195,user_177,electricity and water bill,utilities,debit,USD,5,30.5,1.0,0.08040514047665359,monthly_candidate
2196,user_177,family dinner,dining,debit,USD,6,14.0,7.0,0.11986570365931114,other
2199,user_177,games and recreation,entertainment,debit,USD,5,30.5,1.0,0.06571363777242414,monthly_candidate
2200,user_177,grocery delivery,groceries,debit,USD,4,20.0,5.0,0.17992653735025294,other
2201,user_177,household groceries,groceries,debit,USD,4,20.0,45.0,0.12433891246821564,other
2202,user_177,household insurance,insurance,debit,USD,5,30.5,1.0,0.0,monthly_candidate
2204,user_177,local taxi,transport,debit,USD,4,15.0,35.0,0.0613161394737616,other
2206,user_177,metro and bus fares,transport,debit,USD,8,20.0,22.5,0.12694617605019376,other
2207,user_177,monthly shopping spend,shopping,debit,USD,5,30.5,1.0,0.061407063956440945,monthly_candidate
2209,user_177,neighbourhood restaurant,dining,debit,USD,4,28.0,14.0,0.1300251293796839,monthly_candidate
2210,user_177,parking and tolls,transport,debit,USD,4,60.0,50.0,0.05038359756869225,other
2211,user_177,payroll credit,salary,credit,USD,5,30.5,1.0,0.19780219780219777,monthly_candidate
2214,user_177,ride-hailing trip,transport,debit,USD,6,20.0,25.0,0.15558897059592305,other
2216,user_177,takeaway order,dining,debit,USD,4,14.0,42.0,0.06320178556596623,other
2217,user_177,vehicle charging,transport,debit,USD,4,5.0,52.5,0.15846996241635872,other
2218,user_177,video streaming plan,streaming,debit,USD,5,30.5,1.0,0.0,monthly_candidate
2221,user_178,apartment rent transfer,rent,debit,EUR,6,31.0,1.0,0.0,monthly_candidate
2228,user_178,energy provider bill,utilities,debit,EUR,5,31.0,0.25,0.05873276457550545,monthly_candidate
2234,user_178,household shopping,shopping,debit,EUR,5,31.0,0.25,0.03246643757336853,monthly_candidate
2236,user_178,local market purchase,groceries,debit,EUR,4,30.0,25.0,0.06033057423226163,monthly_candidate
2242,user_178,online backup subscription,cloud_storage,debit,EUR,5,31.0,0.25,0.0,monthly_candidate
2248,user_178,video streaming plan,streaming,debit,EUR,5,31.0,0.25,0.0,monthly_candidate
2252,user_179,apartment rent transfer,rent,debit,IDR,5,31.0,0.75,0.0,monthly_candidate
2254,user_179,bulk pantry shop,groceries,debit,IDR,7,14.0,15.75,0.13423126942996555,other
2256,user_179,course tuition,education,debit,IDR,5,31.0,0.75,0.0,monthly_candidate
2257,user_179,delivery service plan,delivery_membership,debit,IDR,5,31.0,0.75,0.0,monthly_candidate
2258,user_179,energy provider bill,utilities,debit,IDR,5,31.0,0.75,0.04669703332899942,monthly_candidate
2269,user_179,music subscription,music_subscription,debit,IDR,5,31.0,0.75,0.0,monthly_candidate
2270,user_179,parking and tolls,transport,debit,IDR,4,56.0,31.5,0.11934200510747812,other
2271,user_179,payroll credit,salary,credit,IDR,5,31.0,0.75,0.0,monthly_candidate
2274,user_179,ride-hailing trip,transport,debit,IDR,6,28.0,7.0,0.1407620503532946,monthly_candidate
2275,user_179,supermarket basket,groceries,debit,IDR,6,21.0,7.0,0.1389423190178007,other
2278,user_179,vehicle loan payment,debt_repayment,debit,IDR,5,31.0,0.75,0.0,monthly_candidate
2281,user_180,bakery and snacks,dining,debit,INR,4,28.0,14.0,0.20364970374362384,monthly_candidate
2282,user_180,bulk pantry shop,groceries,debit,INR,4,21.0,42.0,0.12206634259981652,other
2284,user_180,commuter pass,transport,debit,INR,5,17.5,38.5,0.12165573637754433,other
2285,user_180,education loan instalment,debt_repayment,debit,INR,5,30.5,1.5,0.0,monthly_candidate
2286,user_180,electricity and water bill,utilities,debit,INR,6,30.0,1.0,0.04482637819607113,monthly_candidate
2288,user_180,food delivery membership,delivery_membership,debit,INR,5,30.5,1.5,0.0,monthly_candidate
2291,user_180,grocery delivery,groceries,debit,INR,5,14.0,35.0,0.13683828938299777,other
2292,user_180,household groceries,groceries,debit,INR,4,14.0,21.0,0.15914029696452658,other
2297,user_180,monthly rent,rent,debit,INR,6,30.0,1.0,0.0,monthly_candidate
2298,user_180,music service subscription,music_subscription,debit,INR,5,30.5,1.5,0.0,monthly_candidate
2303,user_180,ride-hailing trip,transport,debit,INR,4,35.0,0.0,0.15586996238744252,other
2304,user_180,school fee payment,education,debit,INR,5,30.5,1.5,0.0,monthly_candidate
2305,user_180,supermarket basket,groceries,debit,INR,4,35.0,45.5,0.18624494134070613,other
2307,user_180,vehicle charging,transport,debit,INR,5,42.0,31.5,0.17000135049378515,other
2309,user_180,weekly produce market,groceries,debit,INR,4,35.0,3.5,0.17278730715495422,other
2312,user_181,cloud storage plan,cloud_storage,debit,USD,5,31.0,0.25,0.0,monthly_candidate
2313,user_181,commuter pass,transport,debit,USD,6,14.0,42.0,0.1465107063726169,other
2314,user_181,education loan instalment,debt_repayment,debit,USD,5,31.0,0.25,0.0,monthly_candidate
2315,user_181,family dinner,dining,debit,USD,4,28.0,28.0,0.05182096241190689,monthly_candidate
2318,user_181,grocery delivery,groceries,debit,USD,5,38.5,15.75,0.08973407060373052,other
2320,user_181,landlord standing order,rent,debit,USD,6,31.0,1.0,1.2960195818697678e-16,monthly_candidate
2321,user_181,local market purchase,groceries,debit,USD,5,17.5,17.5,0.08625469987565337,other
2322,user_181,local taxi,transport,debit,USD,5,21.0,19.25,0.13864359958606792,other
2325,user_181,monthly shopping spend,shopping,debit,USD,5,31.0,0.25,0.05222422086173888,monthly_candidate
2326,user_181,neighbourhood grocer,groceries,debit,USD,4,49.0,21.0,0.1815576191093163,other
2328,user_181,parking and tolls,transport,debit,USD,4,21.0,14.0,0.11209641082543811,other
2329,user_181,payroll credit,salary,credit,USD,5,31.0,0.25,0.0,monthly_candidate
2331,user_181,ride-hailing trip,transport,debit,USD,4,42.0,28.0,0.10214641492352396,other
2332,user_181,supermarket basket,groceries,debit,USD,4,70.0,21.0,0.20676218335786528,other
2335,user_181,video streaming plan,streaming,debit,USD,5,31.0,0.25,0.0,monthly_candidate
2336,user_181,water and power payment,utilities,debit,USD,5,31.0,0.25,0.08033409662087244,monthly_candidate
2340,user_182,cinema and events,entertainment,debit,ZAR,5,30.5,1.0,0.07636218500320714,monthly_candidate
2342,user_182,electricity and water bill,utilities,debit,ZAR,5,30.5,1.0,0.0589803386727099,monthly_candidate
2344,user_182,family healthcare expense,healthcare,debit,ZAR,5,30.5,1.0,0.045849859667740245,monthly_candidate
2346,user_182,home repair reserve,housing,debit,ZAR,6,31.0,1.0,0.0,monthly_candidate
2348,user_182,household insurance,insurance,debit,ZAR,5,30.5,1.0,0.0,monthly_candidate
2353,user_182,neighbourhood grocer,groceries,debit,ZAR,6,20.0,20.0,0.16602928069446798,other
2355,user_182,online backup subscription,cloud_storage,debit,ZAR,5,30.5,1.0,0.0,monthly_candidate
2357,user_182,payroll credit,salary,credit,ZAR,5,30.5,1.0,0.0,monthly_candidate
2358,user_182,professional training fee,education,debit,ZAR,5,30.5,1.0,0.0,monthly_candidate
2367,user_182,weekly produce market,groceries,debit,ZAR,5,30.0,45.0,0.10348657537834012,monthly_candidate
2368,user_183,bakery and snacks,dining,debit,IDR,4,14.0,3.5,0.15114178478618182,other
2370,user_183,cinema and events,entertainment,debit,IDR,5,30.5,1.5,0.09200013755232808,monthly_candidate
2373,user_183,electricity and water bill,utilities,debit,IDR,5,30.5,1.5,0.07953475302998014,monthly_candidate
2374,user_183,family dinner,dining,debit,IDR,5,35.0,22.75,0.10489373454987391,other
2379,user_183,household shopping,shopping,debit,IDR,5,30.5,1.5,0.0474737750540724,monthly_candidate
2381,user_183,local taxi,transport,debit,IDR,6,35.0,15.0,0.1163950324124666,other
2382,user_183,lunch with colleagues,dining,debit,IDR,5,21.0,22.75,0.08543609852029617,other
2386,user_183,parking and tolls,transport,debit,IDR,4,5.0,7.5,0.13594951884105974,other
2387,user_183,payroll credit,salary,credit,USD,5,30.5,1.5,0.0,monthly_candidate
2389,user_183,rail pass,transport,debit,IDR,4,40.0,37.5,0.20245196958313358,other
2390,user_183,ride-hailing trip,transport,debit,IDR,10,10.0,10.0,0.15641553954963364,other
2391,user_183,shared housing rent,rent,debit,IDR,6,31.0,1.0,0.0,monthly_candidate
2392,user_183,shared storage plan,cloud_storage,debit,IDR,5,30.5,1.5,0.0,monthly_candidate
2393,user_183,streaming subscription,streaming,debit,IDR,5,30.5,1.5,0.0,monthly_candidate
2396,user_183,vehicle charging,transport,debit,IDR,4,20.0,10.0,0.052917179940341445,other
2397,user_183,vehicle insurance premium,insurance,debit,IDR,5,30.5,1.5,0.0,monthly_candidate
2402,user_184,coffee shop,dining,debit,INR,5,28.0,10.5,0.1991452329802386,monthly_candidate
2406,user_184,fuel refill,transport,debit,INR,6,25.0,40.0,0.10543819271762339,other
2409,user_184,household utility payment,utilities,debit,INR,5,30.5,1.25,0.06174307449271319,monthly_candidate
2410,user_184,insurance policy payment,insurance,debit,INR,5,30.5,1.25,0.0,monthly_candidate
2412,user_184,local taxi,transport,debit,INR,4,15.0,5.0,0.09911195719425271,other
2414,user_184,metro and bus fares,transport,debit,INR,4,35.0,10.0,0.0360364366887993,other
2415,user_184,monthly entertainment spend,entertainment,debit,INR,5,30.5,1.25,0.025365082530565214,monthly_candidate
2416,user_184,monthly rent,rent,debit,INR,6,31.0,1.0,0.0,monthly_candidate
2419,user_184,online backup subscription,cloud_storage,debit,INR,5,30.5,1.25,0.0,monthly_candidate
2420,user_184,parking and tolls,transport,debit,INR,6,15.0,10.0,0.15078471295567605,other
2421,user_184,payroll credit,salary,credit,USD,5,30.5,1.25,0.0,monthly_candidate
2422,user_184,personal shopping,shopping,debit,INR,5,30.5,1.25,0.06035532617913262,monthly_candidate
2423,user_184,quick-service meal,dining,debit,INR,5,28.0,5.25,0.14856229284359884,monthly_candidate
2424,user_184,rail pass,transport,debit,INR,4,15.0,40.0,0.08866266297773867,other
2425,user_184,ride-hailing trip,transport,debit,INR,5,30.0,18.75,0.07804184413135695,monthly_candidate
2426,user_184,streaming subscription,streaming,debit,INR,5,30.5,1.25,0.0,monthly_candidate
2429,user_184,vehicle charging,transport,debit,INR,5,20.0,21.25,0.13117075921339685,other
2430,user_184,weekend food delivery,dining,debit,INR,5,28.0,38.5,0.16558477634537846,monthly_candidate
2432,user_185,apartment rent transfer,rent,debit,EUR,6,31.0,1.0,0.0,monthly_candidate
2434,user_185,cloud storage plan,cloud_storage,debit,EUR,5,30.5,1.0,0.0,monthly_candidate
2436,user_185,commuter pass,transport,debit,EUR,4,28.0,38.5,0.15713707121626758,monthly_candidate
2437,user_185,education loan instalment,debt_repayment,debit,EUR,5,30.5,1.0,0.0,monthly_candidate
2441,user_185,grocery delivery,groceries,debit,EUR,4,14.0,7.0,0.08590368203273323,other
2444,user_185,local taxi,transport,debit,EUR,7,17.5,17.5,0.11291436323425652,other
2447,user_185,monthly shopping spend,shopping,debit,EUR,5,30.5,1.0,0.08065943614463811,monthly_candidate
2448,user_185,municipal utilities,utilities,debit,EUR,5,30.5,1.0,0.06498516863198306,monthly_candidate
2449,user_185,neighbourhood grocer,groceries,debit,EUR,4,14.0,21.0,0.17015693396182727,other
2452,user_185,payroll credit,salary,credit,EUR,5,30.5,1.0,0.0,monthly_candidate
2457,user_185,vehicle charging,transport,debit,EUR,4,28.0,66.5,0.06071325048909454,monthly_candidate
2458,user_185,video streaming plan,streaming,debit,EUR,5,30.5,1.0,0.0,monthly_candidate
2460,user_185,weekly produce market,groceries,debit,EUR,4,63.0,28.0,0.1642852423007204,other
2461,user_186,apartment rent transfer,rent,debit,ZAR,5,30.5,1.0,0.0,monthly_candidate
2462,user_186,coffee shop,dining,debit,ZAR,5,7.0,3.5,0.14022570177671023,weekly_candidate
2463,user_186,commuter pass,transport,debit,ZAR,8,15.0,12.5,0.16005190644860273,other
2467,user_186,grocery delivery,groceries,debit,ZAR,7,25.0,17.5,0.07385055082936509,other
2469,user_186,household insurance,insurance,debit,ZAR,5,30.5,1.0,0.0,monthly_candidate
2470,user_186,household shopping,shopping,debit,ZAR,5,30.5,1.0,0.05132495174531172,monthly_candidate
2471,user_186,household utility payment,utilities,debit,ZAR,5,30.5,1.0,0.029864247957930853,monthly_candidate
2475,user_186,metro and bus fares,transport,debit,ZAR,7,20.0,13.75,0.12174575120457444,other
2478,user_186,parking and tolls,transport,debit,ZAR,4,20.0,52.5,0.08282837687778263,other
2479,user_186,payroll credit,salary,credit,ZAR,5,30.5,1.0,0.19780219780219777,monthly_candidate
2480,user_186,quick-service meal,dining,debit,ZAR,6,14.0,14.0,0.1199677398952016,other
2482,user_186,ride-hailing trip,transport,debit,ZAR,6,25.0,15.0,0.15920245102219918,other
2483,user_186,shared storage plan,cloud_storage,debit,ZAR,5,30.5,1.0,0.0,monthly_candidate
2485,user_186,takeaway order,dining,debit,ZAR,4,7.0,38.5,0.10387023425036393,weekly_candidate
2486,user_186,vehicle charging,transport,debit,ZAR,4,40.0,25.0,0.1423383593595985,other
2487,user_186,video streaming plan,streaming,debit,ZAR,5,30.5,1.0,0.0,monthly_candidate
2488,user_186,weekend entertainment,entertainment,debit,ZAR,5,30.5,1.0,0.06506418100889343,monthly_candidate
2498,user_187,household utility payment,utilities,debit,INR,5,30.5,1.0,0.04972214458392931,monthly_candidate
2499,user_187,loan repayment,debt_repayment,debit,INR,5,30.5,1.0,0.0,monthly_candidate
2504,user_187,music service subscription,music_subscription,debit,INR,5,30.5,1.0,0.0,monthly_candidate
2509,user_187,previous employer payroll,salary,credit,INR,4,30.0,0.5,0.0,monthly_candidate
2511,user_187,residential rent payment,rent,debit,INR,6,31.0,1.0,0.0,monthly_candidate
2517,user_188,bulk pantry shop,groceries,debit,EUR,4,14.0,0.0,0.19272931356185238,other
2520,user_188,course tuition,education,debit,EUR,5,30.5,1.0,0.0,monthly_candidate
2523,user_188,food delivery membership,delivery_membership,debit,EUR,5,30.5,1.0,0.0,monthly_candidate
2524,user_188,fresh food shop,groceries,debit,EUR,4,35.0,21.0,0.19503112484316965,other
2526,user_188,grocery delivery,groceries,debit,EUR,6,35.0,7.0,0.16176771132778636,other
2528,user_188,loan repayment,debt_repayment,debit,EUR,5,30.5,1.0,0.0,monthly_candidate
2532,user_188,metro and bus fares,transport,debit,EUR,5,28.0,10.5,0.18861173062480627,monthly_candidate
2533,user_188,monthly rent,rent,debit,EUR,6,31.0,1.0,0.0,monthly_candidate
2534,user_188,music service subscription,music_subscription,debit,EUR,5,30.5,1.0,0.0,monthly_candidate
2537,user_188,parking and tolls,transport,debit,EUR,8,14.0,3.5,0.06525462432661494,other
2538,user_188,payroll credit,salary,credit,EUR,5,30.5,1.0,0.0,monthly_candidate
2539,user_188,rail pass,transport,debit,EUR,4,14.0,38.5,0.13924436807907223,other
2545,user_188,water and power payment,utilities,debit,EUR,6,31.0,1.0,0.08426961867009468,monthly_candidate
2552,user_189,diagnostic test,healthcare,debit,EUR,5,30.5,1.5,0.06956877095063425,monthly_candidate
2554,user_189,fresh food shop,groceries,debit,EUR,5,10.0,10.0,0.10188718868320028,other
2557,user_189,home association fee,housing,debit,EUR,6,30.0,1.0,0.0,monthly_candidate
2565,user_189,payroll credit,salary,credit,EUR,5,30.5,1.5,1.1622994900586432e-16,monthly_candidate
2568,user_189,streaming subscription,streaming,debit,EUR,5,30.5,1.5,0.0,monthly_candidate
2569,user_189,supermarket basket,groceries,debit,EUR,4,30.0,25.0,0.18182016447460073,monthly_candidate
2571,user_189,vehicle insurance premium,insurance,debit,EUR,5,30.5,1.5,0.0,monthly_candidate
2572,user_189,water and power payment,utilities,debit,EUR,5,30.5,1.5,0.05934417596250116,monthly_candidate
2575,user_190,bakery and snacks,dining,debit,EUR,5,21.0,17.5,0.10975930498221771,other
2576,user_190,bulk pantry shop,groceries,debit,EUR,6,21.0,21.0,0.13628476139424436,other
2577,user_190,cloud storage plan,cloud_storage,debit,EUR,5,31.0,0.25,0.0,monthly_candidate
2580,user_190,credit card repayment,debt_repayment,debit,EUR,5,31.0,0.25,0.0,monthly_candidate
2581,user_190,electricity and water bill,utilities,debit,EUR,5,31.0,0.25,0.06077198101476208,monthly_candidate
2584,user_190,fuel refill,transport,debit,EUR,4,70.0,28.0,0.11311925183657157,other
2586,user_190,household groceries,groceries,debit,EUR,4,35.0,14.0,0.16101396091516582,other
2587,user_190,local market purchase,groceries,debit,EUR,4,28.0,17.5,0.15168827315536526,monthly_candidate
2589,user_190,metro and bus fares,transport,debit,EUR,4,28.0,21.0,0.057296896357587716,monthly_candidate
2592,user_190,online retail purchases,shopping,debit,EUR,5,31.0,0.25,0.08020786249887654,monthly_candidate
2593,user_190,parking and tolls,transport,debit,EUR,4,28.0,14.0,0.12637818721079916,monthly_candidate
2594,user_190,payroll credit,salary,credit,EUR,5,31.0,0.25,0.0,monthly_candidate
2597,user_190,residential rent payment,rent,debit,EUR,6,31.0,1.0,1.5612034842298276e-16,monthly_candidate
2601,user_190,vehicle charging,transport,debit,EUR,4,35.0,14.0,0.18909084417688274,other
2602,user_190,video streaming plan,streaming,debit,EUR,5,31.0,0.25,0.0,monthly_candidate
2609,user_191,family healthcare expense,healthcare,debit,EUR,5,31.0,0.75,0.05605164252089879,monthly_candidate
2613,user_191,home association fee,housing,debit,EUR,5,31.0,0.75,0.0,monthly_candidate
2615,user_191,insurance policy payment,insurance,debit,EUR,5,31.0,0.75,0.0,monthly_candidate
2616,user_191,local market purchase,groceries,debit,EUR,4,20.0,10.0,0.13218524825023448,other
2618,user_191,metro and bus fares,transport,debit,EUR,4,28.0,35.0,0.18586302078669925,monthly_candidate
2619,user_191,monthly entertainment spend,entertainment,debit,EUR,5,31.0,0.75,0.0538678087414374,monthly_candidate
2620,user_191,municipal utilities,utilities,debit,EUR,5,31.0,0.75,0.05555272988433499,monthly_candidate
2622,user_191,online backup subscription,cloud_storage,debit,EUR,5,31.0,0.75,0.0,monthly_candidate
2624,user_191,payroll credit,salary,credit,EUR,5,31.0,0.75,0.0,monthly_candidate
2628,user_191,school fee payment,education,debit,EUR,5,31.0,0.75,0.0,monthly_candidate
2636,user_192,base salary,salary,credit,USD,5,30.5,1.5,0.0,monthly_candidate
2637,user_192,cloud storage plan,cloud_storage,debit,USD,5,30.5,1.5,0.0,monthly_candidate
2640,user_192,energy provider bill,utilities,debit,USD,5,30.5,1.5,0.05058453931330557,monthly_candidate
2643,user_192,grocery delivery,groceries,debit,USD,5,20.0,37.5,0.11277350392970656,other
2644,user_192,household groceries,groceries,debit,USD,4,30.0,10.0,0.025443739347260252,monthly_candidate
2645,user_192,local market purchase,groceries,debit,USD,6,20.0,10.0,0.1507715709469333,other
2647,user_192,monthly rent,rent,debit,USD,6,31.0,1.0,1.5134030580619812e-16,monthly_candidate
2648,user_192,monthly shopping spend,shopping,debit,USD,5,30.5,1.5,0.06804235769567256,monthly_candidate
2651,user_192,performance commission,salary,credit,USD,4,31.0,0.5,0.23494207230664801,monthly_candidate
2653,user_192,streaming subscription,streaming,debit,USD,5,30.5,1.5,0.0,monthly_candidate
2658,user_193,community fitness plan,gym,debit,EUR,5,31.0,0.25,0.0,monthly_candidate
2660,user_193,energy provider bill,utilities,debit,EUR,6,31.0,1.0,0.07065348798120845,monthly_candidate
2662,user_193,fresh food shop,groceries,debit,EUR,5,38.5,54.25,0.1622871379416499,other
2664,user_193,grocery delivery,groceries,debit,EUR,7,14.0,21.0,0.18597912064687838,other
2665,user_193,grocery delivery membership,delivery_membership,debit,EUR,5,31.0,0.25,0.0,monthly_candidate
2667,user_193,landlord standing order,rent,debit,EUR,6,31.0,1.0,0.0,monthly_candidate
2672,user_193,monthly entertainment spend,entertainment,debit,EUR,5,31.0,0.25,0.03856470732582358,monthly_candidate
2673,user_193,music service subscription,music_subscription,debit,EUR,5,31.0,0.25,0.0,monthly_candidate
2677,user_193,payroll credit,salary,credit,EUR,5,31.0,0.25,0.15447232612146167,monthly_candidate
2679,user_193,rail pass,transport,debit,EUR,5,35.0,7.0,0.07404099331910594,other
2680,user_193,ride-hailing trip,transport,debit,EUR,4,21.0,21.0,0.06265209958773893,other
2681,user_193,supermarket basket,groceries,debit,EUR,5,21.0,10.5,0.057845501179291096,other
2684,user_193,weekend food delivery,dining,debit,EUR,4,14.0,28.0,0.22254514515235488,other
2686,user_194,bulk pantry shop,groceries,debit,INR,4,35.0,14.0,0.18151758288682937,other
2687,user_194,clothing and household items,shopping,debit,INR,5,30.5,1.0,0.041757448206029536,monthly_candidate
2689,user_194,family healthcare expense,healthcare,debit,INR,5,30.5,1.0,0.0573390209112151,monthly_candidate
2690,user_194,family support payment,family_support,debit,INR,5,30.5,1.0,0.0,monthly_candidate
2691,user_194,fresh food shop,groceries,debit,INR,5,24.5,29.75,0.16364987852190555,other
2693,user_194,grocery delivery,groceries,debit,INR,4,63.0,28.0,0.06001434555053331,other
2694,user_194,household groceries,groceries,debit,INR,4,21.0,17.5,0.13348558280449943,other
2698,user_194,monthly rent,rent,debit,INR,6,31.0,1.0,0.0,monthly_candidate
2699,user_194,municipal utilities,utilities,debit,INR,5,30.5,1.0,0.06573349288779762,monthly_candidate
2702,user_194,payroll credit,salary,credit,INR,5,31.0,2.0,0.0,monthly_candidate
2704,user_194,shared storage plan,cloud_storage,debit,INR,5,30.5,1.0,0.0,monthly_candidate
2707,user_194,vehicle loan payment,debt_repayment,debit,INR,5,30.5,1.0,0.0,monthly_candidate
2711,user_195,cloud storage plan,cloud_storage,debit,EUR,5,30.5,1.0,0.0,monthly_candidate
2713,user_195,commuter pass,transport,debit,EUR,6,40.0,30.0,0.15959103079276016,other
2714,user_195,electricity bill,utilities,debit,EUR,5,30.5,1.0,0.04154525664372647,monthly_candidate
2715,user_195,family dinner,dining,debit,EUR,6,14.0,28.0,0.1595158007163017,other
2717,user_195,games and recreation,entertainment,debit,EUR,5,30.5,1.0,0.06393411595102895,monthly_candidate
2719,user_195,local market purchase,groceries,debit,EUR,5,10.0,10.0,0.14785472814936734,other
2720,user_195,local taxi,transport,debit,EUR,5,25.0,13.75,0.14332891652924953,other
2724,user_195,neighbourhood restaurant,dining,debit,EUR,4,49.0,10.5,0.12684638587660546,other
2725,user_195,online retail purchases,shopping,debit,EUR,5,30.5,1.0,0.0378450683256787,monthly_candidate
2726,user_195,parking and tolls,transport,debit,EUR,7,17.5,22.5,0.1856061044504652,other
2727,user_195,payroll credit,salary,credit,EUR,5,30.5,1.0,0.19780121012536267,monthly_candidate
2729,user_195,rail pass,transport,debit,EUR,5,32.5,6.25,0.1390254737101663,other
2730,user_195,residential rent payment,rent,debit,EUR,6,31.0,1.0,1.419665805714486e-16,monthly_candidate
2732,user_195,streaming subscription,streaming,debit,EUR,5,30.5,1.0,0.0,monthly_candidate
2734,user_195,takeaway order,dining,debit,EUR,4,21.0,38.5,0.12529454865393796,other
2736,user_195,vehicle insurance premium,insurance,debit,EUR,5,30.5,1.0,0.0,monthly_candidate
2737,user_195,weekend food delivery,dining,debit,EUR,5,24.5,15.75,0.13557716387118274,other
2738,user_195,weekly produce market,groceries,debit,EUR,4,30.0,20.0,0.12564261972004953,monthly_candidate
2739,user_196,audio streaming plan,music_subscription,debit,EUR,5,30.5,1.25,0.0,monthly_candidate
2746,user_196,grocery delivery,groceries,debit,EUR,4,56.0,28.0,0.13464137307489477,other
2754,user_196,previous employer payroll,salary,credit,EUR,4,31.0,1.0,0.0,monthly_candidate
2757,user_196,residential rent payment,rent,debit,EUR,6,31.0,1.0,0.0,monthly_candidate
2760,user_196,vehicle loan payment,debt_repayment,debit,EUR,5,30.5,1.25,0.0,monthly_candidate
2761,user_196,water and power payment,utilities,debit,EUR,5,30.5,1.25,0.06074233792145128,monthly_candidate
2763,user_197,audio streaming plan,music_subscription,debit,IDR,5,30.5,1.0,0.0,monthly_candidate
2764,user_197,bulk pantry shop,groceries,debit,IDR,5,35.0,5.25,0.11108635411797269,other
2766,user_197,commuter pass,transport,debit,IDR,5,21.0,15.75,0.1720650353288313,other
2768,user_197,fresh food shop,groceries,debit,IDR,5,28.0,40.25,0.20013304716541552,monthly_candidate
2770,user_197,grocery delivery,groceries,debit,IDR,4,35.0,21.0,0.043852972026542196,other
2771,user_197,grocery delivery membership,delivery_membership,debit,IDR,5,30.5,1.0,0.0,monthly_candidate
2773,user_197,landlord standing order,rent,debit,IDR,6,31.0,1.0,0.0,monthly_candidate
2774,user_197,local market purchase,groceries,debit,IDR,4,28.0,45.5,0.13213626016561547,monthly_candidate
2778,user_197,municipal utilities,utilities,debit,IDR,5,30.5,1.0,0.08251204306679832,monthly_candidate
2781,user_197,parking and tolls,transport,debit,IDR,4,35.0,14.0,0.19337538431805099,other
2782,user_197,professional training fee,education,debit,IDR,5,30.5,1.0,0.0,monthly_candidate
2786,user_197,ride-hailing trip,transport,debit,IDR,5,24.5,28.0,0.15723234147515783,other
2790,user_197,vehicle loan payment,debt_repayment,debit,IDR,5,30.5,1.0,0.0,monthly_candidate
2794,user_198,bulk pantry shop,groceries,debit,INR,4,50.0,30.0,0.1407244959962295,other
2796,user_198,commuter pass,transport,debit,INR,5,35.0,42.0,0.1585921304307452,other
2797,user_198,energy provider bill,utilities,debit,INR,5,30.5,1.5,0.05218915405695962,monthly_candidate
2799,user_198,family healthcare expense,healthcare,debit,INR,5,30.5,1.5,0.061054386368714554,monthly_candidate
2802,user_198,home association fee,housing,debit,INR,6,30.0,1.0,0.0,monthly_candidate
2804,user_198,local market purchase,groceries,debit,INR,4,30.0,35.0,0.13425270585973909,monthly_candidate
2811,user_198,payroll credit,salary,credit,INR,5,30.5,1.5,0.0,monthly_candidate
2813,user_198,streaming subscription,streaming,debit,INR,5,30.5,1.5,0.0,monthly_candidate
2815,user_198,takeaway order,dining,debit,INR,4,42.0,7.0,0.10650766627882488,other
2817,user_198,vehicle insurance premium,insurance,debit,INR,5,30.5,1.5,0.0,monthly_candidate
2822,user_199,cinema and events,entertainment,debit,IDR,5,30.5,1.0,0.06950311502013183,monthly_candidate
2823,user_199,coffee shop,dining,debit,IDR,4,56.0,7.0,0.19191269383712642,other
2824,user_199,commuter pass,transport,debit,IDR,5,24.5,22.75,0.1651136414759551,other
2825,user_199,delivery platform payout,salary,credit,IDR,6,14.0,0.0,0.21273130407168828,other
2826,user_199,delivery service plan,delivery_membership,debit,IDR,5,30.5,1.0,0.0,monthly_candidate
2827,user_199,driver platform payout,salary,credit,IDR,10,14.0,10.0,0.22906724831373257,other
2831,user_199,grocery delivery,groceries,debit,IDR,4,56.0,35.0,0.06386258894812653,other
2832,user_199,gym membership,gym,debit,IDR,5,30.5,1.0,0.0,monthly_candidate
2833,user_199,household groceries,groceries,debit,IDR,4,56.0,35.0,0.17401445323741385,other
2834,user_199,local market purchase,groceries,debit,IDR,4,42.0,31.5,0.03172190209028665,other
2838,user_199,municipal utilities,utilities,debit,IDR,5,30.5,1.0,0.06700959815455496,monthly_candidate
2839,user_199,music subscription,music_subscription,debit,IDR,5,30.5,1.0,0.0,monthly_candidate
2841,user_199,parking and tolls,transport,debit,IDR,4,21.0,10.5,0.1020250946008996,other
2843,user_199,rail pass,transport,debit,IDR,4,28.0,49.0,0.130266875818918,monthly_candidate
2844,user_199,ride-hailing trip,transport,debit,IDR,4,28.0,10.5,0.14771859907920493,monthly_candidate
2845,user_199,shared housing rent,rent,debit,IDR,5,30.5,1.0,0.0,monthly_candidate
2850,user_199,weekly produce market,groceries,debit,IDR,4,28.0,14.0,0.07702611379922064,monthly_candidate
2852,user_200,building maintenance payment,housing,debit,IDR,6,31.0,1.0,0.0,monthly_candidate
2856,user_200,course tuition,education,debit,IDR,5,30.5,1.0,0.0,monthly_candidate
2857,user_200,diagnostic test,healthcare,debit,IDR,5,30.5,1.0,0.07376155092321601,monthly_candidate
2858,user_200,electricity and water bill,utilities,debit,IDR,6,31.0,1.0,0.060337707691796985,monthly_candidate
2862,user_200,games and recreation,entertainment,debit,IDR,5,30.5,1.0,0.04714723845942461,monthly_candidate
2871,user_200,payroll credit,salary,credit,IDR,5,30.5,1.0,0.0,monthly_candidate
2874,user_200,shared storage plan,cloud_storage,debit,IDR,5,30.5,1.0,0.0,monthly_candidate
2875,user_200,supermarket basket,groceries,debit,IDR,5,25.0,10.0,0.09447744554312426,other
2877,user_200,vehicle insurance premium,insurance,debit,IDR,5,30.5,1.0,0.0,monthly_candidate
2879,user_201,apartment rent transfer,rent,debit,IDR,6,31.0,1.0,0.0,monthly_candidate
2881,user_201,cloud storage plan,cloud_storage,debit,IDR,5,30.5,1.5,0.0,monthly_candidate
2882,user_201,electricity and water bill,utilities,debit,IDR,5,30.5,1.5,0.06176153273761395,monthly_candidate
2887,user_201,household groceries,groceries,debit,IDR,5,30.0,37.5,0.140482889957317,monthly_candidate
2888,user_201,household shopping,shopping,debit,IDR,5,30.5,1.5,0.049947126965163395,monthly_candidate
2889,user_201,local market purchase,groceries,debit,IDR,4,30.0,5.0,0.10507949771103914,monthly_candidate
2896,user_201,streaming subscription,streaming,debit,IDR,5,30.5,1.5,0.0,monthly_candidate
2901,user_202,bulk pantry shop,groceries,debit,INR,5,28.0,5.25,0.14950078946969486,monthly_candidate
2902,user_202,childcare contribution,family_support,debit,INR,5,31.0,0.25,0.0,monthly_candidate
2903,user_202,energy provider bill,utilities,debit,INR,5,31.0,0.25,0.06063009107102143,monthly_candidate
2904,user_202,family healthcare expense,healthcare,debit,INR,5,31.0,0.25,0.03476723617171203,monthly_candidate
2905,user_202,fresh food shop,groceries,debit,INR,7,21.0,10.5,0.16590838605022884,other
2907,user_202,grocery delivery,groceries,debit,INR,4,14.0,28.0,0.10778328969425893,other
2908,user_202,household groceries,groceries,debit,INR,5,28.0,7.0,0.1130348166094426,monthly_candidate
2909,user_202,household shopping,shopping,debit,INR,5,31.0,0.25,0.07626791096444434,monthly_candidate
2910,user_202,loan repayment,debt_repayment,debit,INR,5,31.0,0.25,0.0,monthly_candidate
2913,user_202,metro and bus fares,transport,debit,INR,5,28.0,10.5,0.12797268969719844,monthly_candidate
2914,user_202,online backup subscription,cloud_storage,debit,INR,5,31.0,0.25,0.0,monthly_candidate
2915,user_202,payroll credit,salary,credit,INR,5,31.0,0.25,0.0,monthly_candidate
2917,user_202,residential rent payment,rent,debit,INR,6,31.0,1.0,0.0,monthly_candidate
2922,user_203,audio streaming plan,music_subscription,debit,EUR,5,31.0,0.75,0.0,monthly_candidate
2924,user_203,bulk pantry shop,groceries,debit,EUR,4,21.0,35.0,0.09218779360593155,other
2925,user_203,commuter pass,transport,debit,EUR,4,14.0,49.0,0.09775031929950498,other
2926,user_203,delivery platform payout,salary,credit,EUR,4,31.0,24.0,0.19041758269907777,monthly_candidate
2927,user_203,delivery service plan,delivery_membership,debit,EUR,5,31.0,0.75,0.0,monthly_candidate
2928,user_203,driver platform payout,salary,credit,EUR,4,17.0,38.0,0.17703649433516513,other
2930,user_203,fitness club membership,gym,debit,EUR,5,31.0,0.75,0.0,monthly_candidate
2931,user_203,fresh food shop,groceries,debit,EUR,5,14.0,22.75,0.13756483842202288,other
2934,user_203,household groceries,groceries,debit,EUR,4,35.0,38.5,0.11932540586769302,other
2936,user_203,local taxi,transport,debit,EUR,4,7.0,3.5,0.16295479573069188,weekly_candidate
2937,user_203,metro and bus fares,transport,debit,EUR,4,35.0,31.5,0.17584223630962892,other
2938,user_203,neighbourhood grocer,groceries,debit,EUR,5,21.0,8.75,0.1629173060138095,other
2942,user_203,rail pass,transport,debit,EUR,5,7.0,14.0,0.1580453245688005,weekly_candidate
2944,user_203,shared housing rent,rent,debit,EUR,6,31.0,1.0,1.419665805714486e-16,monthly_candidate
2947,user_203,task marketplace payout,salary,credit,EUR,6,28.0,7.0,0.16119874411514798,monthly_candidate
2949,user_203,water and power payment,utilities,debit,EUR,5,31.0,0.75,0.052039273711986016,monthly_candidate
2950,user_203,weekend entertainment,entertainment,debit,EUR,5,31.0,0.75,0.05261024210763734,monthly_candidate
2952,user_203,weekly app earnings,salary,credit,EUR,7,19.0,19.0,0.1698187653845706,other
2954,user_204,audio streaming plan,music_subscription,debit,EUR,5,30.5,1.0,0.0,monthly_candidate
2956,user_204,child education fee,education,debit,EUR,5,30.5,1.0,0.0,monthly_candidate
2957,user_204,coffee shop,dining,debit,EUR,4,28.0,7.0,0.18521697642695742,monthly_candidate
2958,user_204,commuter pass,transport,debit,EUR,5,38.5,52.5,0.15737697388233338,other
2959,user_204,credit card repayment,debt_repayment,debit,EUR,5,30.5,1.0,0.0,monthly_candidate
2960,user_204,delivery service plan,delivery_membership,debit,EUR,5,30.5,1.0,0.0,monthly_candidate
2961,user_204,electricity bill,utilities,debit,EUR,5,30.5,1.0,0.04846533230205852,monthly_candidate
2964,user_204,fuel refill,transport,debit,EUR,7,7.0,0.0,0.04855014262940017,weekly_candidate
2966,user_204,household groceries,groceries,debit,EUR,6,14.0,0.0,0.1929063902857535,other
2973,user_204,parking and tolls,transport,debit,EUR,4,56.0,10.5,0.17082977458002863,other
2976,user_204,residential rent payment,rent,debit,EUR,6,31.0,1.0,0.0,monthly_candidate
2978,user_204,supermarket basket,groceries,debit,EUR,5,17.5,17.5,0.15575923209681233,other
2982,user_205,apartment rent transfer,rent,debit,IDR,6,31.0,1.0,0.0,monthly_candidate
2984,user_205,bulk pantry shop,groceries,debit,IDR,5,17.5,10.5,0.18196377682493026,other
2986,user_205,energy provider bill,utilities,debit,IDR,5,31.0,0.25,0.041962141428540684,monthly_candidate
2989,user_205,fuel refill,transport,debit,IDR,6,21.0,21.0,0.1744072992205394,other
2990,user_205,grocery delivery,groceries,debit,IDR,4,42.0,28.0,0.09293840820059665,other
2991,user_205,household groceries,groceries,debit,IDR,4,21.0,38.5,0.13423941494213626,other
2992,user_205,household shopping,shopping,debit,IDR,5,31.0,0.25,0.05990066736334709,monthly_candidate
2997,user_205,neighbourhood grocer,groceries,debit,IDR,4,21.0,10.5,0.12944580856270899,other
3000,user_205,payroll credit,salary,credit,IDR,5,31.0,0.25,0.0,monthly_candidate
3003,user_205,ride-hailing trip,transport,debit,IDR,5,21.0,14.0,0.10200243102663645,other
3004,user_205,shared storage plan,cloud_storage,debit,IDR,5,31.0,0.25,0.0,monthly_candidate
3008,user_205,vehicle loan payment,debt_repayment,debit,IDR,5,31.0,0.25,0.0,monthly_candidate
3009,user_205,video streaming plan,streaming,debit,IDR,5,31.0,0.25,0.0,monthly_candidate
3012,user_206,apartment rent transfer,rent,debit,EUR,5,30.5,1.0,0.0,monthly_candidate
3014,user_206,bulk pantry shop,groceries,debit,EUR,5,20.0,25.0,0.15390798720116886,other
3016,user_206,cloud storage plan,cloud_storage,debit,EUR,5,30.5,1.0,0.0,monthly_candidate
3022,user_206,grocery delivery,groceries,debit,EUR,5,15.0,15.0,0.19460041510830686,other
3024,user_206,local market purchase,groceries,debit,EUR,5,40.0,0.0,0.1424704853484323,other
3026,user_206,lunch with colleagues,dining,debit,EUR,4,42.0,31.5,0.14472309921792786,other
3029,user_206,online retail purchases,shopping,debit,EUR,5,30.5,1.0,0.07844513371849181,monthly_candidate
3036,user_206,video streaming plan,streaming,debit,EUR,5,30.5,1.0,0.0,monthly_candidate
3037,user_206,water and power payment,utilities,debit,EUR,5,30.5,1.0,0.0627619302440124,monthly_candidate
3044,user_207,fresh food shop,groceries,debit,ZAR,4,60.0,25.0,0.1721837469372477,other
3047,user_207,health insurance premium,insurance,debit,ZAR,5,30.5,1.5,0.0,monthly_candidate
3056,user_207,payroll credit,salary,credit,ZAR,5,30.5,1.5,0.0,monthly_candidate
3057,user_207,property maintenance contribution,housing,debit,ZAR,5,30.5,1.5,0.0,monthly_candidate
3058,user_207,quick-service meal,dining,debit,ZAR,5,28.0,17.5,0.1898855421413183,monthly_candidate
3060,user_207,regular medicine purchase,healthcare,debit,ZAR,5,30.5,1.5,0.08340241187213546,monthly_candidate
3064,user_207,video streaming plan,streaming,debit,ZAR,5,30.5,1.5,0.0,monthly_candidate
3065,user_207,water and power payment,utilities,debit,ZAR,5,30.5,1.5,0.05249034812579002,monthly_candidate
3069,user_208,cloud storage plan,cloud_storage,debit,IDR,5,30.5,1.25,0.0,monthly_candidate
3071,user_208,commuter pass,transport,debit,IDR,7,24.5,17.5,0.11537168765067572,other
3072,user_208,family streaming plan,streaming,debit,IDR,5,30.5,1.25,0.0,monthly_candidate
3073,user_208,fresh food shop,groceries,debit,IDR,5,17.5,24.5,0.1003813792231381,other
3074,user_208,fuel refill,transport,debit,IDR,5,21.0,17.5,0.1546099337958761,other
3076,user_208,household groceries,groceries,debit,IDR,4,28.0,21.0,0.11791676590817968,monthly_candidate
3077,user_208,household utility payment,utilities,debit,IDR,6,31.0,1.0,0.06407600199331606,monthly_candidate
3083,user_208,monthly rent,rent,debit,IDR,6,31.0,1.0,0.0,monthly_candidate
3084,user_208,monthly shopping spend,shopping,debit,IDR,5,30.5,1.25,0.062443239165782344,monthly_candidate
3085,user_208,neighbourhood grocer,groceries,debit,IDR,6,21.0,14.0,0.1382619809504034,other
3088,user_208,payroll credit,salary,credit,IDR,5,30.5,1.25,0.0,monthly_candidate
3089,user_208,personal loan payment,debt_repayment,debit,IDR,5,30.5,1.25,0.0,monthly_candidate
3091,user_208,rail pass,transport,debit,IDR,4,63.0,31.5,0.08523237387101694,other
3100,user_209,child education fee,education,debit,ZAR,5,30.5,1.0,0.0,monthly_candidate
3103,user_209,electricity bill,utilities,debit,ZAR,5,30.5,1.0,0.0547667806831479,monthly_candidate
3104,user_209,family healthcare expense,healthcare,debit,ZAR,5,30.5,1.0,0.07735393990098596,monthly_candidate
3105,user_209,fresh food shop,groceries,debit,ZAR,5,10.0,15.0,0.15994911343825913,other
3107,user_209,games and recreation,entertainment,debit,ZAR,5,30.5,1.0,0.06885926806764608,monthly_candidate
3109,user_209,household insurance,insurance,debit,ZAR,5,30.5,1.0,0.0,monthly_candidate
3112,user_209,neighbourhood grocer,groceries,debit,ZAR,4,30.0,30.0,0.11584133879536951,monthly_candidate
3113,user_209,online backup subscription,cloud_storage,debit,ZAR,5,30.5,1.0,0.0,monthly_candidate
3115,user_209,payroll credit,salary,credit,ZAR,5,30.5,1.0,0.0,monthly_candidate
3116,user_209,property maintenance contribution,housing,debit,ZAR,6,31.0,1.0,0.0,monthly_candidate
3118,user_209,quick-service meal,dining,debit,ZAR,4,42.0,10.5,0.13535370239573413,other
3129,user_210,electricity and water bill,utilities,debit,USD,5,30.5,1.5,0.04828768583283298,monthly_candidate
3136,user_210,monthly shopping spend,shopping,debit,USD,5,30.5,1.5,0.06108716793846683,monthly_candidate
3138,user_210,online backup subscription,cloud_storage,debit,USD,5,30.5,1.5,0.0,monthly_candidate
3141,user_210,payroll credit,salary,credit,USD,5,30.5,1.5,0.0,monthly_candidate
3144,user_210,shared housing rent,rent,debit,USD,6,31.0,1.0,1.6887527884969704e-16,monthly_candidate
3148,user_210,video streaming plan,streaming,debit,USD,5,30.5,1.5,0.0,monthly_candidate
3150,user_210,weekly produce market,groceries,debit,USD,7,15.0,17.5,0.13808274810871032,other
3151,user_211,apartment rent transfer,rent,debit,EUR,5,30.5,1.0,0.0,monthly_candidate
3152,user_211,bulk pantry shop,groceries,debit,EUR,4,21.0,10.5,0.13642385298390258,other
3155,user_211,electricity and water bill,utilities,debit,EUR,5,30.5,1.0,0.09432606245110468,monthly_candidate
3156,user_211,family dinner,dining,debit,EUR,4,14.0,0.0,0.05315605409845945,other
3157,user_211,fresh food shop,groceries,debit,EUR,4,35.0,17.5,0.1021531081469018,other
3158,user_211,grocery delivery,groceries,debit,EUR,7,14.0,21.0,0.17078850804392084,other
3159,user_211,grocery delivery membership,delivery_membership,debit,EUR,5,30.5,1.0,0.0,monthly_candidate
3160,user_211,gym membership,gym,debit,EUR,5,30.5,1.0,0.0,monthly_candidate
3162,user_211,local event tickets,entertainment,debit,EUR,5,30.5,1.0,0.06235722581553696,monthly_candidate
3166,user_211,metro and bus fares,transport,debit,EUR,4,14.0,21.0,0.09066061494511157,other
3167,user_211,music service subscription,music_subscription,debit,EUR,5,30.5,1.0,0.0,monthly_candidate
3168,user_211,neighbourhood grocer,groceries,debit,EUR,4,21.0,14.0,0.12539958760780195,other
3170,user_211,parking and tolls,transport,debit,EUR,4,21.0,10.5,0.1603071874059135,other
3171,user_211,payroll credit,salary,credit,EUR,5,30.5,1.0,0.15447232612146172,monthly_candidate
3173,user_211,rail pass,transport,debit,EUR,7,10.5,22.75,0.09555689700716727,other
3179,user_212,apartment rent transfer,rent,debit,IDR,6,31.0,1.0,0.0,monthly_candidate
3181,user_212,dependent care payment,family_support,debit,IDR,5,30.5,1.0,0.0,monthly_candidate
3182,user_212,fresh food shop,groceries,debit,IDR,4,28.0,17.5,0.18238347364673232,monthly_candidate
3189,user_212,online backup subscription,cloud_storage,debit,IDR,5,30.5,1.0,0.0,monthly_candidate
3190,user_212,payroll credit,salary,credit,IDR,5,30.5,3.0,0.0,monthly_candidate
3191,user_212,personal shopping,shopping,debit,IDR,5,30.5,1.0,0.06202345333394862,monthly_candidate
3192,user_212,rail pass,transport,debit,IDR,4,42.0,28.0,0.1039718222925851,other
3193,user_212,regular medicine purchase,healthcare,debit,IDR,5,30.5,1.0,0.04820076966568977,monthly_candidate
3194,user_212,ride-hailing trip,transport,debit,IDR,4,28.0,42.0,0.09349619756028549,monthly_candidate
3195,user_212,supermarket basket,groceries,debit,IDR,6,14.0,35.0,0.14108639002968623,other
3197,user_212,vehicle loan payment,debt_repayment,debit,IDR,5,30.5,1.0,0.0,monthly_candidate
3198,user_212,water and power payment,utilities,debit,IDR,5,30.5,1.0,0.07456557126918584,monthly_candidate
3199,user_212,weekly produce market,groceries,debit,IDR,4,14.0,49.0,0.16521978987339006,other
3200,user_213,bakery and snacks,dining,debit,USD,5,14.0,38.5,0.16843746283966798,other
3202,user_213,cloud storage plan,cloud_storage,debit,USD,5,30.5,1.0,0.0,monthly_candidate
3204,user_213,electricity and water bill,utilities,debit,USD,6,31.0,1.0,0.06565436784401932,monthly_candidate
3210,user_213,household shopping,shopping,debit,USD,5,30.5,1.0,0.059620710758340384,monthly_candidate
3211,user_213,local event tickets,entertainment,debit,USD,5,30.5,1.0,0.06963434772771376,monthly_candidate
3212,user_213,local taxi,transport,debit,USD,8,10.0,7.5,0.16317284925309145,other
3214,user_213,metro and bus fares,transport,debit,USD,6,25.0,15.0,0.12754966605614648,other
3215,user_213,neighbourhood grocer,groceries,debit,USD,5,20.0,12.5,0.15131906927411576,other
3216,user_213,neighbourhood restaurant,dining,debit,USD,4,21.0,10.5,0.11499187912865003,other
3218,user_213,quick-service meal,dining,debit,USD,4,28.0,7.0,0.1510697506263673,monthly_candidate
3220,user_213,residential rent payment,rent,debit,USD,6,31.0,1.0,0.0,monthly_candidate
3221,user_213,ride-hailing trip,transport,debit,USD,6,35.0,5.0,0.15296987419845715,other
3223,user_213,streaming subscription,streaming,debit,USD,5,30.5,1.0,0.0,monthly_candidate
3227,user_213,vehicle charging,transport,debit,USD,5,32.5,12.5,0.1457200221545655,other
3228,user_213,vehicle insurance premium,insurance,debit,USD,5,30.5,1.0,0.0,monthly_candidate
3230,user_213,weekly produce market,groceries,debit,USD,4,40.0,30.0,0.12610825386837812,other
3231,user_214,apartment rent transfer,rent,debit,INR,6,31.0,1.0,0.0,monthly_candidate
3232,user_214,bakery and snacks,dining,debit,INR,5,28.0,49.0,0.11425096672745368,monthly_candidate
3233,user_214,bulk pantry shop,groceries,debit,INR,4,30.0,25.0,0.13255203724552703,monthly_candidate
3235,user_214,cinema and events,entertainment,debit,INR,5,31.0,0.25,0.08076064746033222,monthly_candidate
3236,user_214,coffee shop,dining,debit,INR,4,14.0,31.5,0.15826604153240562,other
3238,user_214,electricity and water bill,utilities,debit,INR,5,31.0,0.25,0.0710128563920172,monthly_candidate
3241,user_214,fuel refill,transport,debit,INR,5,12.5,22.5,0.1786434295931833,other
3247,user_214,metro and bus fares,transport,debit,INR,6,15.0,35.0,0.1607008066137826,other
3250,user_214,online backup subscription,cloud_storage,debit,INR,5,31.0,0.25,0.0,monthly_candidate
3251,user_214,online retail purchases,shopping,debit,INR,5,31.0,0.25,0.06262310571343531,monthly_candidate
3253,user_214,payroll credit,salary,credit,USD,5,31.0,0.25,0.0,monthly_candidate
3255,user_214,rail pass,transport,debit,INR,9,10.0,26.25,0.1909592012349851,other
3258,user_214,streaming subscription,streaming,debit,INR,5,31.0,0.25,0.0,monthly_candidate
3262,user_214,vehicle insurance premium,insurance,debit,INR,5,31.0,0.25,0.0,monthly_candidate
3264,user_214,weekly produce market,groceries,debit,INR,4,50.0,15.0,0.13260335072826054,other
3265,user_215,bakery and snacks,dining,debit,ZAR,4,42.0,35.0,0.12889928172140275,other
3266,user_215,bulk pantry shop,groceries,debit,ZAR,4,21.0,38.5,0.1920135222918899,other
3268,user_215,community fitness plan,gym,debit,ZAR,5,31.0,0.75,0.0,monthly_candidate
3269,user_215,commuter pass,transport,debit,ZAR,5,24.5,10.5,0.12873276126165956,other
3271,user_215,delivery service plan,delivery_membership,debit,ZAR,5,31.0,0.75,0.0,monthly_candidate
3272,user_215,driver platform payout,salary,credit,ZAR,10,21.0,15.0,0.1699560691373702,other
3275,user_215,fuel refill,transport,debit,ZAR,7,24.5,17.5,0.15625264484741208,other
3276,user_215,grocery delivery,groceries,debit,ZAR,4,42.0,24.5,0.1549307224380324,other
3278,user_215,household utility payment,utilities,debit,ZAR,5,31.0,0.75,0.048750714540222374,monthly_candidate
3279,user_215,local market purchase,groceries,debit,ZAR,6,21.0,21.0,0.1590947604991586,other
3283,user_215,monthly entertainment spend,entertainment,debit,ZAR,5,31.0,0.75,0.04358830843002124,monthly_candidate
3284,user_215,monthly rent,rent,debit,ZAR,6,31.0,1.0,0.0,monthly_candidate
3285,user_215,music service subscription,music_subscription,debit,ZAR,5,31.0,0.75,0.0,monthly_candidate
3288,user_215,parking and tolls,transport,debit,ZAR,4,49.0,17.5,0.09909620260896373,other
3292,user_215,task marketplace payout,salary,credit,ZAR,5,26.0,17.0,0.25094952045995167,other
3293,user_215,vehicle charging,transport,debit,ZAR,5,31.5,19.25,0.1461750558111899,monthly_candidate
3298,user_216,bulk pantry shop,groceries,debit,USD,5,20.0,37.5,0.0845853100103083,other
3302,user_216,fuel refill,transport,debit,USD,4,56.0,14.0,0.1342178766566223,other
3304,user_216,health insurance premium,insurance,debit,USD,5,30.5,1.5,0.0,monthly_candidate
3305,user_216,home repair reserve,housing,debit,USD,6,30.0,1.0,0.0,monthly_candidate
3313,user_216,payroll credit,salary,credit,USD,5,30.5,1.5,0.0,monthly_candidate
3316,user_216,regular medicine purchase,healthcare,debit,USD,5,30.5,1.5,0.059452300235044386,monthly_candidate
3320,user_216,video streaming plan,streaming,debit,USD,5,30.5,1.5,0.0,monthly_candidate
3321,user_216,water and power payment,utilities,debit,USD,5,30.5,1.5,0.07123261810687564,monthly_candidate
3327,user_217,commuter pass,transport,debit,ZAR,7,21.0,15.75,0.18661917097531178,other
3328,user_217,education loan instalment,debt_repayment,debit,ZAR,5,31.0,0.25,0.0,monthly_candidate
3333,user_217,household groceries,groceries,debit,ZAR,6,21.0,21.0,0.10929104566950767,other
3334,user_217,household utility payment,utilities,debit,ZAR,5,31.0,0.25,0.06236014350223071,monthly_candidate
3335,user_217,landlord standing order,rent,debit,ZAR,6,31.0,1.0,0.0,monthly_candidate
3339,user_217,metro and bus fares,transport,debit,ZAR,5,31.5,24.5,0.1339340200122451,monthly_candidate
3342,user_217,online retail purchases,shopping,debit,ZAR,5,31.0,0.25,0.0702553701735745,monthly_candidate
3344,user_217,payroll credit,salary,credit,ZAR,5,31.0,0.25,0.0,monthly_candidate
3349,user_217,shared storage plan,cloud_storage,debit,ZAR,5,31.0,0.25,0.0,monthly_candidate
3350,user_217,supermarket basket,groceries,debit,ZAR,6,28.0,21.0,0.16585470267530594,monthly_candidate
3353,user_217,video streaming plan,streaming,debit,ZAR,5,31.0,0.25,0.0,monthly_candidate
3355,user_218,building maintenance payment,housing,debit,IDR,6,31.0,1.0,0.0,monthly_candidate
3357,user_218,child education fee,education,debit,IDR,5,30.5,1.0,0.0,monthly_candidate
3358,user_218,cloud storage plan,cloud_storage,debit,IDR,5,30.5,1.0,0.0,monthly_candidate
3361,user_218,diagnostic test,healthcare,debit,IDR,5,30.5,1.0,0.06534648845030579,monthly_candidate
3367,user_218,insurance policy payment,insurance,debit,IDR,5,30.5,1.0,0.0,monthly_candidate
3368,user_218,local market purchase,groceries,debit,IDR,4,40.0,45.0,0.1677777381838065,other
3371,user_218,monthly entertainment spend,entertainment,debit,IDR,5,30.5,1.0,0.05681764413690069,monthly_candidate
3374,user_218,payroll credit,salary,credit,IDR,5,30.5,1.0,0.0,monthly_candidate
3378,user_218,supermarket basket,groceries,debit,IDR,4,10.0,30.0,0.16811818947113844,other
3381,user_218,water and power payment,utilities,debit,IDR,5,30.5,1.0,0.041758248697281446,monthly_candidate
3386,user_219,clothing and household items,shopping,debit,EUR,5,30.5,1.5,0.040172814481817365,monthly_candidate
3387,user_219,cloud storage plan,cloud_storage,debit,EUR,5,30.5,1.5,0.0,monthly_candidate
3392,user_219,grocery delivery,groceries,debit,EUR,4,30.0,25.0,0.12919553834625722,monthly_candidate
3402,user_219,residential rent payment,rent,debit,EUR,5,30.5,1.5,0.0,monthly_candidate
3403,user_219,supermarket basket,groceries,debit,EUR,4,50.0,10.0,0.03657834031040602,other
3406,user_219,video streaming plan,streaming,debit,EUR,5,30.5,1.5,0.0,monthly_candidate
3407,user_219,water and power payment,utilities,debit,EUR,5,30.5,1.5,0.06914106398358397,monthly_candidate
3410,user_220,bulk pantry shop,groceries,debit,EUR,6,21.0,35.0,0.12003215760870219,other
3412,user_220,community fitness plan,gym,debit,EUR,5,30.5,1.25,0.0,monthly_candidate
3414,user_220,delivery service plan,delivery_membership,debit,EUR,5,30.5,1.25,0.0,monthly_candidate
3415,user_220,family dinner,dining,debit,EUR,5,35.0,14.0,0.18801764580798877,other
3417,user_220,fuel refill,transport,debit,EUR,4,42.0,24.5,0.17679783045433606,other
3418,user_220,games and recreation,entertainment,debit,EUR,5,30.5,1.25,0.09857978295377662,monthly_candidate
3421,user_220,local market purchase,groceries,debit,EUR,4,21.0,28.0,0.0884684163277021,other
3422,user_220,local taxi,transport,debit,EUR,4,7.0,24.5,0.18638258223787177,weekly_candidate
3424,user_220,music subscription,music_subscription,debit,EUR,5,30.5,1.25,0.0,monthly_candidate
3427,user_220,parking and tolls,transport,debit,EUR,4,56.0,28.0,0.13672879220635129,other
3428,user_220,payroll credit,salary,credit,EUR,5,30.5,1.25,0.15447232612146167,monthly_candidate
3429,user_220,rail pass,transport,debit,EUR,4,14.0,7.0,0.15146572972851485,other
3430,user_220,ride-hailing trip,transport,debit,EUR,4,63.0,35.0,0.13290878402746353,other
3431,user_220,shared housing rent,rent,debit,EUR,6,31.0,1.0,1.8389976985055975e-16,monthly_candidate
3435,user_220,water and power payment,utilities,debit,EUR,6,31.0,1.0,0.05541680618934859,monthly_candidate
3437,user_220,weekly produce market,groceries,debit,EUR,4,14.0,24.5,0.08565494722453074,other
3438,user_221,bulk pantry shop,groceries,debit,INR,4,21.0,45.5,0.12242612286575737,other
3439,user_221,childcare contribution,family_support,debit,INR,5,30.5,1.0,0.0,monthly_candidate
3440,user_221,cloud storage plan,cloud_storage,debit,INR,5,30.5,1.0,0.0,monthly_candidate
3441,user_221,diagnostic test,healthcare,debit,INR,5,30.5,1.0,0.036860773124634774,monthly_candidate
3442,user_221,electricity bill,utilities,debit,INR,5,30.5,1.0,0.0742496688328125,monthly_candidate
3445,user_221,household groceries,groceries,debit,INR,4,35.0,10.5,0.11204264669039853,other
3446,user_221,landlord standing order,rent,debit,INR,6,31.0,1.0,0.0,monthly_candidate
3450,user_221,monthly shopping spend,shopping,debit,INR,5,30.5,1.0,0.044067424343495476,monthly_candidate
3451,user_221,neighbourhood grocer,groceries,debit,INR,6,28.0,7.0,0.1863105521949432,monthly_candidate
3453,user_221,payroll credit,salary,credit,INR,5,30.5,1.0,0.0,monthly_candidate
3454,user_221,personal loan payment,debt_repayment,debit,INR,5,30.5,1.0,0.0,monthly_candidate
3456,user_221,rail pass,transport,debit,INR,5,28.0,38.5,0.1350911377743064,monthly_candidate
3459,user_221,weekly produce market,groceries,debit,INR,5,21.0,8.75,0.10333357347343075,other
3462,user_222,cloud storage plan,cloud_storage,debit,ZAR,5,30.5,1.0,0.0,monthly_candidate
3467,user_222,family streaming plan,streaming,debit,ZAR,5,30.5,1.0,0.0,monthly_candidate
3471,user_222,grocery delivery,groceries,debit,ZAR,4,60.0,25.0,0.16485875545883294,other
3477,user_222,municipal utilities,utilities,debit,ZAR,5,30.5,1.0,0.0666822402135647,monthly_candidate
3481,user_222,personal shopping,shopping,debit,ZAR,5,30.5,1.0,0.04301659673767648,monthly_candidate
3482,user_222,shared housing rent,rent,debit,ZAR,6,31.0,1.0,0.0,monthly_candidate
3493,user_223,household utility payment,utilities,debit,EUR,5,30.5,1.0,0.05398042126514335,monthly_candidate
3496,user_223,monthly rent,rent,debit,EUR,6,31.0,1.0,1.6616024221224208e-16,monthly_candidate
3497,user_223,music service subscription,music_subscription,debit,EUR,5,30.5,1.0,0.0,monthly_candidate
3501,user_223,personal loan payment,debt_repayment,debit,EUR,5,30.5,1.0,0.0,monthly_candidate
3502,user_223,previous employer payroll,salary,credit,EUR,4,30.0,0.5,0.0,monthly_candidate
3512,user_224,bulk pantry shop,groceries,debit,IDR,4,35.0,24.5,0.1229875752940793,other
3513,user_224,child education fee,education,debit,IDR,5,30.5,1.0,0.0,monthly_candidate
3519,user_224,fuel refill,transport,debit,IDR,4,28.0,10.5,0.13932206727077412,monthly_candidate
3520,user_224,grocery delivery,groceries,debit,IDR,6,14.0,42.0,0.17701417249135865,other
3521,user_224,grocery delivery membership,delivery_membership,debit,IDR,5,30.5,1.0,0.0,monthly_candidate
3523,user_224,landlord standing order,rent,debit,IDR,6,31.0,1.0,0.0,monthly_candidate
3524,user_224,loan repayment,debt_repayment,debit,IDR,5,30.5,1.0,0.0,monthly_candidate
3525,user_224,local market purchase,groceries,debit,IDR,6,21.0,14.0,0.15482776424996864,other
3526,user_224,local taxi,transport,debit,IDR,4,28.0,21.0,0.1750138697530297,monthly_candidate
3528,user_224,metro and bus fares,transport,debit,IDR,4,35.0,10.5,0.06616077219956228,other
3529,user_224,music subscription,music_subscription,debit,IDR,5,30.5,1.0,0.0,monthly_candidate
3533,user_224,payroll credit,salary,credit,IDR,5,30.5,1.0,0.0,monthly_candidate
3535,user_224,ride-hailing trip,transport,debit,IDR,4,35.0,28.0,0.23133479727622558,other
3538,user_224,vehicle charging,transport,debit,IDR,6,21.0,7.0,0.13153463426229028,other
3539,user_224,water and power payment,utilities,debit,IDR,5,30.5,1.0,0.06338663394221301,monthly_candidate
3542,user_225,bulk pantry shop,groceries,debit,IDR,4,49.0,35.0,0.09719378650519103,other
3545,user_225,energy provider bill,utilities,debit,IDR,5,30.5,1.5,0.07321379905982554,monthly_candidate
3546,user_225,fresh food shop,groceries,debit,IDR,4,21.0,7.0,0.17200450337292048,other
3549,user_225,household groceries,groceries,debit,IDR,5,31.5,31.5,0.21260752216327533,monthly_candidate
3550,user_225,local market purchase,groceries,debit,IDR,4,7.0,24.5,0.0898343640518264,weekly_candidate
3551,user_225,lunch with colleagues,dining,debit,IDR,5,35.0,24.5,0.14641310456855225,other
3553,user_225,monthly shopping spend,shopping,debit,IDR,5,30.5,1.5,0.045760102410787075,monthly_candidate
3556,user_225,online backup subscription,cloud_storage,debit,IDR,5,30.5,1.5,0.0,monthly_candidate
3557,user_225,parking and tolls,transport,debit,IDR,5,35.0,49.0,0.15037752909748017,other
3558,user_225,payroll credit,salary,credit,IDR,5,30.5,1.5,0.0,monthly_candidate
3559,user_225,personal loan payment,debt_repayment,debit,IDR,5,30.5,1.5,0.0,monthly_candidate
3560,user_225,rail pass,transport,debit,IDR,4,21.0,24.5,0.053736515676922156,other
3561,user_225,residential rent payment,rent,debit,IDR,6,30.0,1.0,0.0,monthly_candidate
3562,user_225,ride-hailing trip,transport,debit,IDR,9,17.5,21.0,0.1411840932820274,other
3563,user_225,streaming subscription,streaming,debit,IDR,5,30.5,1.5,0.0,monthly_candidate
3568,user_225,weekly produce market,groceries,debit,IDR,5,24.5,17.5,0.1345938733146574,other
3569,user_226,cloud storage plan,cloud_storage,debit,INR,5,31.0,0.25,0.0,monthly_candidate
3571,user_226,commuter pass,transport,debit,INR,6,21.0,7.0,0.1138907938690774,other
3572,user_226,electricity and water bill,utilities,debit,INR,5,31.0,0.25,0.06721062987931474,monthly_candidate
3573,user_226,family dinner,dining,debit,INR,4,42.0,7.0,0.19049900526112143,other
3574,user_226,family streaming plan,streaming,debit,INR,5,31.0,0.25,0.0,monthly_candidate
3577,user_226,grocery delivery,groceries,debit,INR,6,14.0,7.0,0.14412413756057277,other
3580,user_226,local taxi,transport,debit,INR,4,28.0,28.0,0.09828074546542989,monthly_candidate
3585,user_226,payroll credit,salary,credit,INR,5,31.0,0.25,0.0,monthly_candidate
3586,user_226,personal loan payment,debt_repayment,debit,INR,5,31.0,0.25,0.0,monthly_candidate
3587,user_226,personal shopping,shopping,debit,INR,5,31.0,0.25,0.08121738814211758,monthly_candidate
3591,user_226,ride-hailing trip,transport,debit,INR,6,14.0,7.0,0.10434735434450283,other
3592,user_226,shared housing rent,rent,debit,INR,5,31.0,0.25,0.0,monthly_candidate
3597,user_226,weekly produce market,groceries,debit,INR,7,24.5,26.25,0.15082640826979096,other
3600,user_227,child education fee,education,debit,INR,5,31.0,0.75,0.0,monthly_candidate
3601,user_227,cloud storage plan,cloud_storage,debit,INR,5,31.0,0.75,0.0,monthly_candidate
3604,user_227,diagnostic test,healthcare,debit,INR,5,31.0,0.75,0.10585066150374947,monthly_candidate
3606,user_227,fresh food shop,groceries,debit,INR,4,30.0,25.0,0.06316459663542626,monthly_candidate
3610,user_227,household utility payment,utilities,debit,INR,5,31.0,0.75,0.019407908566185433,monthly_candidate
3618,user_227,payroll credit,salary,credit,INR,5,31.0,0.75,0.0,monthly_candidate
3619,user_227,property maintenance contribution,housing,debit,INR,5,31.0,0.75,0.0,monthly_candidate
3626,user_227,vehicle insurance premium,insurance,debit,INR,5,31.0,0.75,0.0,monthly_candidate
3627,user_227,weekend entertainment,entertainment,debit,INR,5,31.0,0.75,0.023422849375957726,monthly_candidate
3629,user_228,audio streaming plan,music_subscription,debit,IDR,5,30.5,1.5,0.0,monthly_candidate
3632,user_228,commuter pass,transport,debit,IDR,4,42.0,28.0,0.17215964372203169,other
3633,user_228,delivery service plan,delivery_membership,debit,IDR,5,30.5,1.5,0.0,monthly_candidate
3635,user_228,fresh food shop,groceries,debit,IDR,6,21.0,49.0,0.19665919023781206,other
3636,user_228,fuel refill,transport,debit,IDR,8,14.0,17.5,0.13077664083693294,other
3637,user_228,grocery delivery,groceries,debit,IDR,5,35.0,29.75,0.15375334679365418,other
3642,user_228,metro and bus fares,transport,debit,IDR,4,21.0,63.0,0.01954616378152479,other
3646,user_228,personal loan payment,debt_repayment,debit,IDR,5,30.5,1.5,0.0,monthly_candidate
3647,user_228,professional training fee,education,debit,IDR,5,30.5,1.5,0.0,monthly_candidate
3648,user_228,quick-service meal,dining,debit,IDR,4,56.0,28.0,0.18237924760005414,other
3651,user_228,shared housing rent,rent,debit,IDR,6,31.0,1.0,0.0,monthly_candidate
3655,user_228,water and power payment,utilities,debit,IDR,6,31.0,1.0,0.05359657268549932,monthly_candidate
3658,user_229,apartment rent transfer,rent,debit,EUR,6,31.0,1.0,0.0,monthly_candidate
3664,user_229,fitness club membership,gym,debit,EUR,5,31.0,0.25,0.0,monthly_candidate
3665,user_229,food delivery membership,delivery_membership,debit,EUR,5,31.0,0.25,0.0,monthly_candidate
3666,user_229,fresh food shop,groceries,debit,EUR,4,14.0,24.5,0.17296281040089115,other
3670,user_229,household utility payment,utilities,debit,EUR,5,31.0,0.25,0.08314035560069626,monthly_candidate
3671,user_229,local market purchase,groceries,debit,EUR,6,14.0,35.0,0.1471630651286564,other
3675,user_229,monthly entertainment spend,entertainment,debit,EUR,5,31.0,0.25,0.07440123577797833,monthly_candidate
3676,user_229,music subscription,music_subscription,debit,EUR,5,31.0,0.25,0.0,monthly_candidate
3679,user_229,payroll credit,salary,credit,EUR,5,31.0,0.25,0.0,monthly_candidate
3682,user_229,ride-hailing trip,transport,debit,EUR,6,14.0,35.0,0.13490957151192218,other
3687,user_229,weekly produce market,groceries,debit,EUR,6,21.0,7.0,0.1834762923789164,other
3688,user_230,apartment rent transfer,rent,debit,EUR,6,31.0,1.0,0.0,monthly_candidate
3691,user_230,credit card repayment,debt_repayment,debit,EUR,5,30.5,1.0,0.0,monthly_candidate
3692,user_230,dependent care payment,family_support,debit,EUR,5,30.5,1.0,0.0,monthly_candidate
3693,user_230,family healthcare expense,healthcare,debit,EUR,5,30.5,1.0,0.0512367165904882,monthly_candidate
3696,user_230,grocery delivery,groceries,debit,EUR,6,7.0,21.0,0.14581333375625455,weekly_candidate
3698,user_230,household shopping,shopping,debit,EUR,5,30.5,1.0,0.07731694690950426,monthly_candidate
3699,user_230,local market purchase,groceries,debit,EUR,4,21.0,45.5,0.15646962948405435,other
3702,user_230,municipal utilities,utilities,debit,EUR,5,30.5,1.0,0.07413052624992864,monthly_candidate
3703,user_230,neighbourhood grocer,groceries,debit,EUR,5,21.0,29.75,0.15480565085349704,other
3704,user_230,online backup subscription,cloud_storage,debit,EUR,5,30.5,1.0,0.0,monthly_candidate
3706,user_230,primary household salary,salary,credit,EUR,5,30.5,1.0,1.2972470271873297e-16,monthly_candidate
3709,user_230,second household income,salary,credit,EUR,4,31.0,0.5,0.049719252362750085,monthly_candidate
3716,user_231,commuter pass,transport,debit,ZAR,5,22.5,30.0,0.13071851292301387,other
3721,user_231,health insurance premium,insurance,debit,ZAR,5,30.5,1.0,0.0,monthly_candidate
3723,user_231,local event tickets,entertainment,debit,ZAR,5,30.5,1.0,0.0473070777292949,monthly_candidate
3724,user_231,local market purchase,groceries,debit,ZAR,6,20.0,10.0,0.11439043130817685,other
3726,user_231,lunch with colleagues,dining,debit,ZAR,5,28.0,22.75,0.08795732545736745,monthly_candidate
3727,user_231,metro and bus fares,transport,debit,ZAR,6,35.0,30.0,0.17994533003930488,other
3729,user_231,neighbourhood restaurant,dining,debit,ZAR,4,35.0,28.0,0.16737537273328876,other
3731,user_231,payroll credit,salary,credit,ZAR,5,30.5,1.0,0.0,monthly_candidate
3732,user_231,personal shopping,shopping,debit,ZAR,5,30.5,1.0,0.09032323233036195,monthly_candidate
3733,user_231,quick-service meal,dining,debit,ZAR,5,35.0,36.75,0.13301913828889428,other
3734,user_231,rail pass,transport,debit,ZAR,6,10.0,25.0,0.15828462957619766,other
3735,user_231,residential rent payment,rent,debit,ZAR,5,30.5,1.0,0.0,monthly_candidate
3736,user_231,ride-hailing trip,transport,debit,ZAR,4,10.0,30.0,0.10098073649785627,other
3738,user_231,shared storage plan,cloud_storage,debit,ZAR,5,30.5,1.0,0.0,monthly_candidate
3739,user_231,streaming subscription,streaming,debit,ZAR,5,30.5,1.0,0.0,monthly_candidate
3740,user_231,supermarket basket,groceries,debit,ZAR,4,40.0,10.0,0.13886026430701728,other
3742,user_231,vehicle charging,transport,debit,ZAR,5,5.0,8.75,0.16239588322864404,other
3743,user_231,water and power payment,utilities,debit,ZAR,5,30.5,1.0,0.05033760961171909,monthly_candidate
3746,user_232,audio streaming plan,music_subscription,debit,EUR,5,30.5,1.25,0.0,monthly_candidate
3748,user_232,bulk pantry shop,groceries,debit,EUR,5,38.5,28.0,0.1296552871853835,other
3751,user_232,credit card repayment,debt_repayment,debit,EUR,5,30.5,1.25,0.0,monthly_candidate
3754,user_232,food delivery membership,delivery_membership,debit,EUR,5,30.5,1.25,0.0,monthly_candidate
3758,user_232,household groceries,groceries,debit,EUR,4,28.0,38.5,0.1394668260615659,monthly_candidate
3759,user_232,landlord standing order,rent,debit,EUR,6,31.0,1.0,0.0,monthly_candidate
3763,user_232,neighbourhood grocer,groceries,debit,EUR,4,28.0,7.0,0.0715756083120643,monthly_candidate
3765,user_232,parking and tolls,transport,debit,EUR,6,21.0,28.0,0.17618413218515813,other
3766,user_232,professional training fee,education,debit,EUR,5,30.5,1.25,0.0,monthly_candidate
3769,user_232,ride-hailing trip,transport,debit,EUR,4,42.0,49.0,0.07859621467685543,other
3773,user_232,water and power payment,utilities,debit,EUR,5,30.5,1.25,0.07262693927331418,monthly_candidate
3777,user_233,bulk pantry shop,groceries,debit,IDR,5,35.0,38.5,0.14691263688729186,other
3778,user_233,coffee shop,dining,debit,IDR,4,28.0,42.0,0.1847732132693127,monthly_candidate
3780,user_233,delivery service plan,delivery_membership,debit,IDR,5,30.5,1.0,0.0,monthly_candidate
3781,user_233,electricity and water bill,utilities,debit,IDR,6,31.0,1.0,0.04824321492901308,monthly_candidate
3783,user_233,fuel refill,transport,debit,IDR,5,17.5,15.75,0.1894190428064608,other
3786,user_233,loan repayment,debt_repayment,debit,IDR,5,30.5,1.0,0.0,monthly_candidate
3788,user_233,local taxi,transport,debit,IDR,4,14.0,21.0,0.19830776668666233,other
3789,user_233,metro and bus fares,transport,debit,IDR,7,7.0,5.25,0.18556590156707164,weekly_candidate
3790,user_233,music subscription,music_subscription,debit,IDR,5,30.5,1.0,0.0,monthly_candidate
3795,user_233,quick-service meal,dining,debit,IDR,4,28.0,7.0,0.14592566097923176,monthly_candidate
3797,user_233,school fee payment,education,debit,IDR,5,30.5,1.0,0.0,monthly_candidate
3798,user_233,shared housing rent,rent,debit,IDR,6,31.0,1.0,0.0,monthly_candidate
3801,user_233,vehicle charging,transport,debit,IDR,5,24.5,19.25,0.12537268049069852,other
3802,user_233,weekly produce market,groceries,debit,IDR,7,24.5,12.25,0.18967917911877322,other
3806,user_234,energy provider bill,utilities,debit,EUR,5,30.5,1.5,0.042778182287486,monthly_candidate
3808,user_234,family streaming plan,streaming,debit,EUR,5,30.5,1.5,0.0,monthly_candidate
3812,user_234,health insurance premium,insurance,debit,EUR,5,30.5,1.5,0.0,monthly_candidate
3813,user_234,home association fee,housing,debit,EUR,5,30.5,1.5,0.0,monthly_candidate
3814,user_234,local market purchase,groceries,debit,EUR,5,20.0,22.5,0.16373567596988,other
3816,user_234,lunch with colleagues,dining,debit,EUR,4,42.0,14.0,0.14675478747935267,other
3821,user_234,payroll credit,salary,credit,EUR,5,30.5,1.5,0.0,monthly_candidate
3825,user_234,supermarket basket,groceries,debit,EUR,4,30.0,35.0,0.17577514383639797,monthly_candidate
3826,user_234,takeaway order,dining,debit,EUR,4,42.0,14.0,0.10064126006755554,other
3827,user_234,therapy appointment,healthcare,debit,EUR,5,30.5,1.5,0.05563708546543872,monthly_candidate
3830,user_235,bakery and snacks,dining,debit,USD,4,35.0,17.5,0.053933749770120075,other
3832,user_235,cloud storage plan,cloud_storage,debit,USD,5,30.5,1.0,0.0,monthly_candidate
3833,user_235,coffee shop,dining,debit,USD,4,28.0,7.0,0.11214520953026923,monthly_candidate
3835,user_235,family dinner,dining,debit,USD,5,28.0,43.75,0.1382712949699218,monthly_candidate
3836,user_235,family streaming plan,streaming,debit,USD,5,30.5,1.0,0.0,monthly_candidate
3838,user_235,fuel refill,transport,debit,USD,4,25.0,10.0,0.1758168965989825,other
3839,user_235,games and recreation,entertainment,debit,USD,5,30.5,1.0,0.082267113696075,monthly_candidate
3842,user_235,household insurance,insurance,debit,USD,5,30.5,1.0,0.0,monthly_candidate
3844,user_235,local taxi,transport,debit,USD,10,15.0,20.0,0.12584720211444947,other
3846,user_235,metro and bus fares,transport,debit,USD,4,35.0,27.5,0.1467719081348245,other
3847,user_235,municipal utilities,utilities,debit,USD,5,30.5,1.0,0.04867505988209264,monthly_candidate
3849,user_235,online retail purchases,shopping,debit,USD,5,30.5,1.0,0.05067256038348507,monthly_candidate
3851,user_235,payroll credit,salary,credit,EUR,5,30.5,1.0,0.0,monthly_candidate
3853,user_235,rail pass,transport,debit,USD,4,15.0,27.5,0.20255526434259913,other
3854,user_235,residential rent payment,rent,debit,USD,6,31.0,1.0,0.0,monthly_candidate
3857,user_235,takeaway order,dining,debit,USD,5,28.0,3.5,0.1858255316072304,monthly_candidate
3858,user_235,vehicle charging,transport,debit,USD,5,40.0,27.5,0.2219715922792965,other
3860,user_235,weekly produce market,groceries,debit,USD,4,10.0,50.0,0.11775784437478909,other
3863,user_236,cloud storage plan,cloud_storage,debit,IDR,5,30.5,1.0,0.0,monthly_candidate
3866,user_236,energy provider bill,utilities,debit,IDR,5,30.5,1.0,0.08149441814861262,monthly_candidate
3868,user_236,family healthcare expense,healthcare,debit,IDR,5,30.5,1.0,0.07279636501679479,monthly_candidate
3871,user_236,games and recreation,entertainment,debit,IDR,5,30.5,1.0,0.046073338361274224,monthly_candidate
3872,user_236,grocery delivery,groceries,debit,IDR,4,50.0,30.0,0.2220633464771412,other
3873,user_236,health insurance premium,insurance,debit,IDR,5,30.5,1.0,0.0,monthly_candidate
3874,user_236,home repair reserve,housing,debit,IDR,6,31.0,1.0,0.0,monthly_candidate
3877,user_236,local market purchase,groceries,debit,IDR,4,20.0,35.0,0.05845887607427725,other
3883,user_236,payroll credit,salary,credit,IDR,5,30.5,1.0,0.0,monthly_candidate
3887,user_236,school fee payment,education,debit,IDR,5,30.5,1.0,0.0,monthly_candidate
3891,user_236,weekly produce market,groceries,debit,IDR,4,40.0,40.0,0.10409407445839697,other
3893,user_237,bulk pantry shop,groceries,debit,IDR,4,30.0,35.0,0.09886313839950935,monthly_candidate
3894,user_237,clothing and household items,shopping,debit,IDR,5,30.5,1.5,0.08208722946279268,monthly_candidate
3897,user_237,energy provider bill,utilities,debit,IDR,5,30.5,1.5,0.061047493686831426,monthly_candidate
3899,user_237,family streaming plan,streaming,debit,IDR,5,30.5,1.5,0.0,monthly_candidate
3902,user_237,grocery delivery,groceries,debit,IDR,4,30.0,10.0,0.16530479622958794,monthly_candidate
3905,user_237,neighbourhood grocer,groceries,debit,IDR,4,30.0,15.0,0.19551979873149258,monthly_candidate
3912,user_237,shared housing rent,rent,debit,IDR,6,31.0,1.0,0.0,monthly_candidate
3913,user_237,shared storage plan,cloud_storage,debit,IDR,5,30.5,1.5,0.0,monthly_candidate
3923,user_238,delivery service plan,delivery_membership,debit,USD,5,31.0,0.25,0.0,monthly_candidate
3924,user_238,energy provider bill,utilities,debit,USD,5,31.0,0.25,0.0656058590217022,monthly_candidate
3926,user_238,fresh food shop,groceries,debit,USD,5,14.0,29.75,0.12673578131202975,other
3927,user_238,fuel refill,transport,debit,USD,4,14.0,3.5,0.15604973875363706,other
3928,user_238,games and recreation,entertainment,debit,USD,5,31.0,0.25,0.07345320550012256,monthly_candidate
3930,user_238,gym membership,gym,debit,USD,5,31.0,0.25,0.0,monthly_candidate
3931,user_238,household groceries,groceries,debit,USD,4,42.0,21.0,0.19251201607422586,other
3932,user_238,local market purchase,groceries,debit,USD,4,35.0,31.5,0.08977031735973241,other
3933,user_238,local taxi,transport,debit,USD,4,56.0,35.0,0.13497764399514234,other
3935,user_238,monthly rent,rent,debit,USD,6,31.0,1.0,1.38507355898655e-16,monthly_candidate
3936,user_238,music service subscription,music_subscription,debit,USD,5,31.0,0.25,0.0,monthly_candidate
3938,user_238,parking and tolls,transport,debit,USD,5,21.0,38.5,0.15569889727720937,other
3939,user_238,primary household salary,salary,credit,USD,5,31.0,0.25,0.0,monthly_candidate
3942,user_238,ride-hailing trip,transport,debit,USD,5,24.5,12.25,0.10311205271035143,other
3943,user_238,second household income,salary,credit,USD,4,31.0,0.5,0.03897270331428639,monthly_candidate
3944,user_238,supermarket basket,groceries,debit,USD,4,14.0,10.5,0.10033327983137866,other
3950,user_239,clinic payment,healthcare,debit,USD,5,31.0,0.75,0.047765128632428475,monthly_candidate
3952,user_239,family support payment,family_support,debit,USD,5,31.0,0.75,0.0,monthly_candidate
3953,user_239,fresh food shop,groceries,debit,USD,5,38.5,40.25,0.13385619292097575,other
3955,user_239,grocery delivery,groceries,debit,USD,6,7.0,14.0,0.21173317844570158,weekly_candidate
3957,user_239,landlord standing order,rent,debit,USD,5,31.0,0.75,0.0,monthly_candidate
3961,user_239,monthly shopping spend,shopping,debit,USD,5,31.0,0.75,0.07559621293644724,monthly_candidate
3962,user_239,municipal utilities,utilities,debit,USD,5,31.0,0.75,0.05298528585515546,monthly_candidate
3964,user_239,online backup subscription,cloud_storage,debit,USD,5,31.0,0.75,0.0,monthly_candidate
3968,user_239,personal loan payment,debt_repayment,debit,USD,5,31.0,0.75,0.0,monthly_candidate
3971,user_239,supermarket basket,groceries,debit,USD,5,24.5,26.25,0.08928843744877442,other
3974,user_240,audio streaming plan,music_subscription,debit,INR,5,30.5,1.0,0.0,monthly_candidate
3977,user_240,commuter pass,transport,debit,INR,5,35.0,19.25,0.12099707331582336,other
3978,user_240,delivery service plan,delivery_membership,debit,INR,5,30.5,1.0,0.0,monthly_candidate
3979,user_240,education loan instalment,debt_repayment,debit,INR,5,30.5,1.0,0.0,monthly_candidate
3983,user_240,fuel refill,transport,debit,INR,5,10.5,31.5,0.19914253163583928,other
3984,user_240,grocery delivery,groceries,debit,INR,6,21.0,14.0,0.15340178268958624,other
3985,user_240,household groceries,groceries,debit,INR,4,28.0,21.0,0.1862609673146,monthly_candidate
3989,user_240,metro and bus fares,transport,debit,INR,4,49.0,28.0,0.08220379561702905,other
3990,user_240,municipal utilities,utilities,debit,INR,6,31.0,1.0,0.08426818865439549,monthly_candidate
3991,user_240,neighbourhood grocer,groceries,debit,INR,6,28.0,28.0,0.13475319143905806,monthly_candidate
3993,user_240,parking and tolls,transport,debit,INR,4,63.0,31.5,0.13560848346624257,other
3996,user_240,residential rent payment,rent,debit,INR,6,31.0,1.0,0.0,monthly_candidate
3998,user_240,school fee payment,education,debit,INR,5,30.5,1.0,0.0,monthly_candidate
4002,user_241,audio streaming plan,music_subscription,debit,IDR,5,31.0,0.25,0.0,monthly_candidate
4006,user_241,credit card repayment,debt_repayment,debit,IDR,5,31.0,0.25,0.0,monthly_candidate
4007,user_241,electricity bill,utilities,debit,IDR,5,31.0,0.25,0.08775368885914903,monthly_candidate
4010,user_241,fuel refill,transport,debit,IDR,4,42.0,21.0,0.04847171070906341,other
4020,user_241,residential rent payment,rent,debit,IDR,6,31.0,1.0,0.0,monthly_candidate
4028,user_242,bulk pantry shop,groceries,debit,EUR,8,7.0,3.5,0.11625592465646194,weekly_candidate
4029,user_242,child education fee,education,debit,EUR,5,30.5,1.0,0.0,monthly_candidate
4032,user_242,delivery service plan,delivery_membership,debit,EUR,5,30.5,1.0,0.0,monthly_candidate
4035,user_242,fuel refill,transport,debit,EUR,5,24.5,26.25,0.09836632171796025,other
4037,user_242,household groceries,groceries,debit,EUR,6,14.0,14.0,0.12146038908450235,other
4038,user_242,household utility payment,utilities,debit,EUR,5,30.5,1.0,0.050961167882017995,monthly_candidate
4043,user_242,music service subscription,music_subscription,debit,EUR,5,30.5,1.0,0.0,monthly_candidate
4047,user_242,personal loan payment,debt_repayment,debit,EUR,5,30.5,1.0,0.0,monthly_candidate
4049,user_242,rail pass,transport,debit,EUR,7,14.0,19.25,0.2053263748128303,other
4050,user_242,ride-hailing trip,transport,debit,EUR,5,28.0,19.25,0.10636967148456099,monthly_candidate
4051,user_242,shared housing rent,rent,debit,EUR,6,31.0,1.0,2.1006437125206216e-16,monthly_candidate
4064,user_243,household insurance,insurance,debit,ZAR,5,30.5,1.5,0.0,monthly_candidate
4066,user_243,local market purchase,groceries,debit,ZAR,4,30.0,35.0,0.043261998163885915,monthly_candidate
4067,user_243,local taxi,transport,debit,ZAR,5,35.0,17.5,0.1251104038349676,other
4069,user_243,municipal utilities,utilities,debit,ZAR,5,30.5,1.5,0.07805541604837689,monthly_candidate
4072,user_243,payroll credit,salary,credit,ZAR,5,30.5,1.5,0.0,monthly_candidate
4073,user_243,property maintenance contribution,housing,debit,ZAR,6,30.0,1.0,0.0,monthly_candidate
4075,user_243,streaming subscription,streaming,debit,ZAR,5,30.5,1.5,0.0,monthly_candidate
4078,user_243,therapy appointment,healthcare,debit,ZAR,5,30.5,1.5,0.06309765934793389,monthly_candidate
4083,user_244,bulk pantry shop,groceries,debit,ZAR,4,14.0,7.0,0.19826667592156524,other
4084,user_244,commuter pass,transport,debit,ZAR,4,14.0,38.5,0.17606048216414877,other
4085,user_244,course tuition,education,debit,ZAR,5,30.5,1.25,0.0,monthly_candidate
4086,user_244,delivery service plan,delivery_membership,debit,ZAR,5,30.5,1.25,0.0,monthly_candidate
4092,user_244,household groceries,groceries,debit,ZAR,4,21.0,31.5,0.10404039654076175,other
4093,user_244,household utility payment,utilities,debit,ZAR,5,30.5,1.25,0.08349876367317643,monthly_candidate
4094,user_244,local market purchase,groceries,debit,ZAR,6,21.0,14.0,0.17410466601122737,other
4097,user_244,metro and bus fares,transport,debit,ZAR,6,28.0,7.0,0.09192704622819814,monthly_candidate
4098,user_244,music subscription,music_subscription,debit,ZAR,5,30.5,1.25,0.0,monthly_candidate
4099,user_244,neighbourhood grocer,groceries,debit,ZAR,4,7.0,45.5,0.07959794276750745,weekly_candidate
4103,user_244,rail pass,transport,debit,ZAR,4,35.0,14.0,0.14475949689337633,other
4104,user_244,residential rent payment,rent,debit,ZAR,6,31.0,1.0,0.0,monthly_candidate
4106,user_244,supermarket basket,groceries,debit,ZAR,4,21.0,45.5,0.11687614550636505,other
4109,user_244,vehicle loan payment,debt_repayment,debit,ZAR,5,30.5,1.25,0.0,monthly_candidate
4112,user_245,bakery and snacks,dining,debit,INR,4,49.0,7.0,0.03347943273372909,other
4114,user_245,cinema and events,entertainment,debit,INR,5,30.5,1.0,0.052293250342684935,monthly_candidate
4116,user_245,commuter pass,transport,debit,INR,6,10.0,40.0,0.14498702920835194,other
4117,user_245,family streaming plan,streaming,debit,INR,5,30.5,1.0,0.0,monthly_candidate
4122,user_245,household insurance,insurance,debit,INR,5,30.5,1.0,0.0,monthly_candidate
4123,user_245,household shopping,shopping,debit,INR,5,30.5,1.0,0.0694024854161812,monthly_candidate
4124,user_245,household utility payment,utilities,debit,INR,5,30.5,1.0,0.062412460681327796,monthly_candidate
4125,user_245,international employer payroll,salary,credit,USD,5,30.5,1.0,0.0,monthly_candidate
4126,user_245,local market purchase,groceries,debit,INR,6,30.0,10.0,0.14896191134627895,monthly_candidate
4127,user_245,local taxi,transport,debit,INR,5,20.0,5.0,0.17483397555581487,other
4128,user_245,lunch with colleagues,dining,debit,INR,5,38.5,10.5,0.13273633267589544,other
4129,user_245,metro and bus fares,transport,debit,INR,7,15.0,11.25,0.11998757183429853,other
4130,user_245,monthly rent,rent,debit,INR,6,31.0,1.0,0.0,monthly_candidate
4133,user_245,online backup subscription,cloud_storage,debit,INR,5,30.5,1.0,0.0,monthly_candidate
4135,user_245,quick-service meal,dining,debit,INR,5,42.0,21.0,0.14029264331816102,other
4137,user_245,ride-hailing trip,transport,debit,INR,5,20.0,13.75,0.10080760665679486,other
4139,user_245,takeaway order,dining,debit,INR,4,14.0,10.5,0.18749734464946755,other
4140,user_245,vehicle charging,transport,debit,INR,8,10.0,30.0,0.13631164943050042,other
4145,user_246,clothing and household items,shopping,debit,ZAR,5,30.5,1.5,0.06880365850619856,monthly_candidate
4148,user_246,electricity bill,utilities,debit,ZAR,5,30.5,1.5,0.06879428967788027,monthly_candidate
4158,user_246,payroll credit,salary,credit,ZAR,4,31.0,0.5,0.0,monthly_candidate
4161,user_246,residential rent payment,rent,debit,ZAR,5,30.5,1.5,0.0,monthly_candidate
4162,user_246,shared storage plan,cloud_storage,debit,ZAR,5,30.5,1.5,0.0,monthly_candidate
4163,user_246,supermarket basket,groceries,debit,ZAR,7,20.0,7.5,0.1690792781298805,other
4166,user_246,video streaming plan,streaming,debit,ZAR,5,30.5,1.5,0.0,monthly_candidate
4168,user_247,bulk pantry shop,groceries,debit,EUR,4,14.0,3.5,0.11600554874650595,other
4169,user_247,commuter pass,transport,debit,EUR,4,14.0,63.0,0.13157992314366898,other
4170,user_247,fitness club membership,gym,debit,EUR,5,30.5,1.0,0.0,monthly_candidate
4171,user_247,food delivery membership,delivery_membership,debit,EUR,5,30.5,1.0,0.0,monthly_candidate
4173,user_247,fuel refill,transport,debit,EUR,5,28.0,43.75,0.11459596321108277,monthly_candidate
4174,user_247,grocery delivery,groceries,debit,EUR,4,42.0,14.0,0.15657285206640556,other
4175,user_247,household groceries,groceries,debit,EUR,4,42.0,52.5,0.17508416462026202,other
4176,user_247,landlord standing order,rent,debit,EUR,6,31.0,1.0,0.0,monthly_candidate
4177,user_247,local event tickets,entertainment,debit,EUR,5,30.5,1.0,0.057347175987800536,monthly_candidate
4179,user_247,local taxi,transport,debit,EUR,4,7.0,38.5,0.15079727706390134,weekly_candidate
4182,user_247,music service subscription,music_subscription,debit,EUR,5,30.5,1.0,0.0,monthly_candidate
4183,user_247,neighbourhood grocer,groceries,debit,EUR,4,42.0,10.5,0.16976599228350508,other
4186,user_247,payroll credit,salary,credit,EUR,5,30.5,1.0,0.1544723261214617,monthly_candidate
4188,user_247,rail pass,transport,debit,EUR,4,21.0,10.5,0.12700762690095949,other
4191,user_247,vehicle charging,transport,debit,EUR,6,42.0,42.0,0.1114366347841851,other
4192,user_247,water and power payment,utilities,debit,EUR,5,30.5,1.0,0.0596636570193416,monthly_candidate
4195,user_248,account commission payment,salary,credit,USD,4,31.0,15.5,0.44233236035067686,monthly_candidate
4196,user_248,apartment rent transfer,rent,debit,USD,6,31.0,1.0,0.0,monthly_candidate
4197,user_248,base salary,salary,credit,USD,5,30.5,1.0,0.0,monthly_candidate
4199,user_248,cloud storage plan,cloud_storage,debit,USD,5,30.5,1.0,0.0,monthly_candidate
4201,user_248,energy provider bill,utilities,debit,USD,6,31.0,1.0,0.04354476702197369,monthly_candidate
4202,user_248,fresh food shop,groceries,debit,USD,6,28.0,21.0,0.1757726750956058,monthly_candidate
4205,user_248,household groceries,groceries,debit,USD,4,49.0,14.0,0.045488499897578964,other
4209,user_248,monthly shopping spend,shopping,debit,USD,5,30.5,1.0,0.020212074670802698,monthly_candidate
4211,user_248,parent support transfer,family_support,debit,USD,5,30.5,1.0,0.0,monthly_candidate
4213,user_248,personal loan payment,debt_repayment,debit,USD,5,30.5,1.0,0.0,monthly_candidate
4217,user_248,therapy appointment,healthcare,debit,USD,5,30.5,1.0,0.050000112029995006,monthly_candidate
4220,user_249,bakery and snacks,dining,debit,USD,4,14.0,42.0,0.09004141186036571,other
4221,user_249,bulk pantry shop,groceries,debit,USD,4,40.0,30.0,0.07738664689326849,other
4222,user_249,coffee shop,dining,debit,USD,4,56.0,17.5,0.1814814396376533,other
4225,user_249,fresh food shop,groceries,debit,USD,4,40.0,30.0,0.15358155159265263,other
4226,user_249,fuel refill,transport,debit,USD,5,32.5,18.75,0.17473049010833303,other
4231,user_249,lunch with colleagues,dining,debit,USD,5,31.5,35.0,0.23373060252659594,monthly_candidate
4232,user_249,metro and bus fares,transport,debit,USD,7,22.5,22.5,0.08846979727556491,other
4233,user_249,monthly entertainment spend,entertainment,debit,USD,5,30.5,1.0,0.052056072718936995,monthly_candidate
4234,user_249,monthly rent,rent,debit,USD,6,31.0,1.0,0.0,monthly_candidate
4235,user_249,neighbourhood restaurant,dining,debit,USD,4,21.0,17.5,0.10848880691943136,other
4236,user_249,parking and tolls,transport,debit,USD,8,10.0,22.5,0.13514526191932094,other
4237,user_249,payroll credit,salary,credit,USD,5,30.5,1.0,0.1978021978021978,monthly_candidate
4238,user_249,personal shopping,shopping,debit,USD,5,30.5,1.0,0.07465358856795457,monthly_candidate
4240,user_249,rail pass,transport,debit,USD,6,15.0,20.0,0.12519952318801833,other
4242,user_249,shared storage plan,cloud_storage,debit,USD,5,30.5,1.0,0.0,monthly_candidate
4243,user_249,streaming subscription,streaming,debit,USD,5,30.5,1.0,0.0,monthly_candidate
4246,user_249,vehicle charging,transport,debit,USD,5,35.0,35.0,0.18218494050772166,other
4247,user_249,vehicle insurance premium,insurance,debit,USD,5,30.5,1.0,0.0,monthly_candidate
4248,user_249,water and power payment,utilities,debit,USD,5,30.5,1.0,0.04801177922068812,monthly_candidate
4251,user_250,bakery and snacks,dining,debit,ZAR,4,63.0,31.5,0.11222515809713404,other
4258,user_250,household utility payment,utilities,debit,ZAR,5,31.0,0.25,0.0785878564269054,monthly_candidate
4259,user_250,landlord standing order,rent,debit,ZAR,6,31.0,1.0,0.0,monthly_candidate
4263,user_250,music service subscription,music_subscription,debit,ZAR,5,31.0,0.25,0.0,monthly_candidate
4267,user_250,personal loan payment,debt_repayment,debit,ZAR,5,31.0,0.25,0.0,monthly_candidate
4268,user_250,previous employer payroll,salary,credit,ZAR,4,31.0,0.5,0.0,monthly_candidate
4273,user_251,apartment rent transfer,rent,debit,EUR,5,31.0,0.75,0.0,monthly_candidate
4276,user_251,delivery platform payout,salary,credit,EUR,4,31.0,38.0,0.07132861346798805,monthly_candidate
4277,user_251,driver platform payout,salary,credit,EUR,9,13.5,16.5,0.21104843317069236,other
4278,user_251,electricity bill,utilities,debit,EUR,5,31.0,0.75,0.06419967517382898,monthly_candidate
4280,user_251,fitness club membership,gym,debit,EUR,5,31.0,0.75,0.0,monthly_candidate
4281,user_251,food delivery membership,delivery_membership,debit,EUR,5,31.0,0.75,0.0,monthly_candidate
4286,user_251,local market purchase,groceries,debit,EUR,9,17.5,15.75,0.1574166138482127,other
4289,user_251,monthly entertainment spend,entertainment,debit,EUR,5,31.0,0.75,0.04535500757820469,monthly_candidate
4290,user_251,music subscription,music_subscription,debit,EUR,5,31.0,0.75,0.0,monthly_candidate
4293,user_251,parking and tolls,transport,debit,EUR,5,10.5,17.5,0.19437374061860985,other
4294,user_251,quick-service meal,dining,debit,EUR,4,14.0,28.0,0.10226455879415908,other
4296,user_251,ride-hailing trip,transport,debit,EUR,5,17.5,22.75,0.0837740605066912,other
4297,user_251,supermarket basket,groceries,debit,EUR,4,28.0,17.5,0.16981619084537797,monthly_candidate
4298,user_251,task marketplace payout,salary,credit,EUR,5,14.0,16.5,0.241055697491946,other
4310,user_252,grocery delivery,groceries,debit,IDR,4,60.0,35.0,0.17386085649713198,other
4311,user_252,health insurance premium,insurance,debit,IDR,5,30.5,1.5,0.0,monthly_candidate
4312,user_252,household utility payment,utilities,debit,IDR,5,30.5,1.5,0.0503403542825613,monthly_candidate
4314,user_252,local taxi,transport,debit,IDR,4,42.0,21.0,0.16712474425695079,other
4317,user_252,neighbourhood grocer,groceries,debit,IDR,4,50.0,15.0,0.07760094930840561,other
4320,user_252,payroll credit,salary,credit,IDR,5,30.5,1.5,0.0,monthly_candidate
4321,user_252,property maintenance contribution,housing,debit,IDR,6,30.0,1.0,0.0,monthly_candidate
4325,user_252,supermarket basket,groceries,debit,IDR,4,30.0,15.0,0.04954928599817913,monthly_candidate
4327,user_252,therapy appointment,healthcare,debit,IDR,5,30.5,1.5,0.06745667810284615,monthly_candidate
4329,user_252,video streaming plan,streaming,debit,IDR,5,30.5,1.5,0.0,monthly_candidate
4334,user_253,cloud storage plan,cloud_storage,debit,EUR,5,31.0,0.25,0.0,monthly_candidate
4336,user_253,electricity bill,utilities,debit,EUR,6,31.0,1.0,0.0684514086453281,monthly_candidate
4338,user_253,fresh food shop,groceries,debit,EUR,5,28.0,14.0,0.17628421986073517,monthly_candidate
4339,user_253,fuel refill,transport,debit,EUR,7,21.0,10.5,0.12197996653301041,other
4340,user_253,grocery delivery,groceries,debit,EUR,4,14.0,31.5,0.08867549323743794,other
4342,user_253,household shopping,shopping,debit,EUR,5,31.0,0.25,0.04760118238765065,monthly_candidate
4343,user_253,loan repayment,debt_repayment,debit,EUR,5,31.0,0.25,0.0,monthly_candidate
4344,user_253,local market purchase,groceries,debit,EUR,4,28.0,24.5,0.020328496912389842,monthly_candidate
4347,user_253,monthly rent,rent,debit,EUR,6,31.0,1.0,1.28706937305124e-16,monthly_candidate
4348,user_253,neighbourhood grocer,groceries,debit,EUR,4,35.0,28.0,0.1658624626800977,other
4350,user_253,parking and tolls,transport,debit,EUR,7,28.0,19.25,0.17683200740756735,monthly_candidate
4351,user_253,payroll credit,salary,credit,EUR,5,31.0,0.25,0.0,monthly_candidate
4352,user_253,quick-service meal,dining,debit,EUR,4,28.0,21.0,0.06947648772176743,monthly_candidate
4355,user_253,streaming subscription,streaming,debit,EUR,5,31.0,0.25,0.0,monthly_candidate
4360,user_254,bulk pantry shop,groceries,debit,USD,4,20.0,20.0,0.1845232181611369,other
4361,user_254,cloud storage plan,cloud_storage,debit,USD,5,30.5,1.0,0.0,monthly_candidate
4364,user_254,diagnostic test,healthcare,debit,USD,5,30.5,1.0,0.027285694302872938,monthly_candidate
4365,user_254,electricity bill,utilities,debit,USD,5,30.5,1.0,0.04432166998296506,monthly_candidate
4371,user_254,insurance policy payment,insurance,debit,USD,5,30.5,1.0,0.0,monthly_candidate
4372,user_254,local event tickets,entertainment,debit,USD,5,30.5,1.0,0.06487079952369416,monthly_candidate
4377,user_254,neighbourhood grocer,groceries,debit,USD,4,30.0,50.0,0.20694486382987962,monthly_candidate
4379,user_254,payroll credit,salary,credit,USD,5,30.5,1.0,0.0,monthly_candidate
4380,user_254,property maintenance contribution,housing,debit,USD,5,30.5,1.0,0.0,monthly_candidate
4384,user_254,school fee payment,education,debit,USD,5,30.5,1.0,0.0,monthly_candidate
4393,user_255,fuel refill,transport,debit,IDR,4,42.0,21.0,0.20341203527778476,other
4395,user_255,household groceries,groceries,debit,IDR,5,25.0,42.5,0.14073538703268032,other
4399,user_255,municipal utilities,utilities,debit,IDR,5,30.5,1.5,0.09288282713958658,monthly_candidate
4402,user_255,online backup subscription,cloud_storage,debit,IDR,5,30.5,1.5,0.0,monthly_candidate
4403,user_255,online retail purchases,shopping,debit,IDR,5,30.5,1.5,0.024862232587094323,monthly_candidate
4404,user_255,payroll credit,salary,credit,IDR,4,31.0,0.5,0.0,monthly_candidate
4406,user_255,residential rent payment,rent,debit,IDR,6,31.0,1.0,0.0,monthly_candidate
4407,user_255,streaming subscription,streaming,debit,IDR,5,30.5,1.5,0.0,monthly_candidate
4409,user_255,takeaway order,dining,debit,IDR,4,63.0,31.5,0.22117939994890262,other
4412,user_256,audio streaming plan,music_subscription,debit,INR,5,30.5,1.25,0.0,monthly_candidate
4414,user_256,bulk pantry shop,groceries,debit,INR,5,28.0,26.25,0.18141973565021233,monthly_candidate
4416,user_256,commuter pass,transport,debit,INR,5,28.0,26.25,0.16836798554083307,monthly_candidate
4417,user_256,course tuition,education,debit,INR,5,30.5,1.25,0.0,monthly_candidate
4418,user_256,delivery service plan,delivery_membership,debit,INR,5,30.5,1.25,0.0,monthly_candidate
4419,user_256,electricity bill,utilities,debit,INR,5,30.5,1.25,0.09738004886284934,monthly_candidate
4422,user_256,fresh food shop,groceries,debit,INR,5,17.5,22.75,0.17338823358300473,other
4424,user_256,grocery delivery,groceries,debit,INR,5,14.0,19.25,0.13044721501245649,other
4426,user_256,loan repayment,debt_repayment,debit,INR,5,30.5,1.25,0.0,monthly_candidate
4430,user_256,metro and bus fares,transport,debit,INR,4,35.0,24.5,0.15637827220696338,other
4431,user_256,monthly rent,rent,debit,INR,6,31.0,1.0,0.0,monthly_candidate
4434,user_256,parking and tolls,transport,debit,INR,5,28.0,31.5,0.11810418741350688,monthly_candidate
4439,user_256,vehicle charging,transport,debit,INR,4,28.0,10.5,0.10864955630406288,monthly_candidate
4442,user_257,apartment rent transfer,rent,debit,USD,6,31.0,1.0,0.0,monthly_candidate
4443,user_257,bakery and snacks,dining,debit,USD,7,14.0,10.5,0.18447872276391195,other
4445,user_257,cloud storage plan,cloud_storage,debit,USD,5,30.5,1.0,0.0,monthly_candidate
4446,user_257,coffee shop,dining,debit,USD,5,31.5,10.5,0.1906822168696284,monthly_candidate
4447,user_257,commuter pass,transport,debit,USD,5,32.5,43.75,0.1267408968777054,other
4449,user_257,fresh food shop,groceries,debit,USD,5,10.0,22.5,0.1599252774633225,other
4450,user_257,fuel refill,transport,debit,USD,4,55.0,25.0,0.12884420660528836,other
4451,user_257,games and recreation,entertainment,debit,USD,5,30.5,1.0,0.058426260714573706,monthly_candidate
4453,user_257,health insurance premium,insurance,debit,USD,5,30.5,1.0,0.0,monthly_candidate
4455,user_257,household shopping,shopping,debit,USD,5,30.5,1.0,0.06788817100648044,monthly_candidate
4456,user_257,international employer payroll,salary,credit,EUR,5,30.5,1.0,0.0,monthly_candidate
4458,user_257,local taxi,transport,debit,USD,4,35.0,22.5,0.10815494011661747,other
4459,user_257,metro and bus fares,transport,debit,USD,8,15.0,17.5,0.08546638000700017,other
4464,user_257,rail pass,transport,debit,USD,5,20.0,20.0,0.060430561823309206,other
4465,user_257,ride-hailing trip,transport,debit,USD,4,20.0,25.0,0.22728059746873605,other
4469,user_257,video streaming plan,streaming,debit,USD,5,30.5,1.0,0.0,monthly_candidate
4470,user_257,water and power payment,utilities,debit,USD,5,30.5,1.0,0.046072141521683554,monthly_candidate
4471,user_257,weekend food delivery,dining,debit,USD,6,42.0,35.0,0.11712508156691202,other
4473,user_258,apartment rent transfer,rent,debit,USD,6,31.0,1.0,0.0,monthly_candidate
4474,user_258,bakery and snacks,dining,debit,USD,5,21.0,5.25,0.14369248660876419,other
4476,user_258,cloud storage plan,cloud_storage,debit,USD,5,30.5,1.0,0.0,monthly_candidate
4480,user_258,family streaming plan,streaming,debit,USD,5,30.5,1.0,0.0,monthly_candidate
4484,user_258,health insurance premium,insurance,debit,USD,5,30.5,1.0,0.0,monthly_candidate
4489,user_258,metro and bus fares,transport,debit,USD,6,20.0,10.0,0.10836431006184238,other
4490,user_258,monthly entertainment spend,entertainment,debit,USD,5,30.5,1.0,0.042852000933456716,monthly_candidate
4491,user_258,neighbourhood grocer,groceries,debit,USD,4,20.0,15.0,0.1806934517159833,other
4493,user_258,online retail purchases,shopping,debit,USD,5,30.5,1.0,0.0634043018594509,monthly_candidate
4494,user_258,parking and tolls,transport,debit,USD,6,30.0,15.0,0.17968338358760805,monthly_candidate
4495,user_258,primary household salary,salary,credit,USD,5,30.5,1.0,0.0,monthly_candidate
4497,user_258,rail pass,transport,debit,USD,8,15.0,17.5,0.1261551251210192,other
4499,user_258,second household income,salary,credit,USD,4,31.0,0.5,0.05423261327111041,monthly_candidate
4501,user_258,vehicle charging,transport,debit,USD,5,17.5,32.5,0.18038394734977004,other
4502,user_258,water and power payment,utilities,debit,USD,5,30.5,1.0,0.05829424646501335,monthly_candidate
4503,user_258,weekend food delivery,dining,debit,USD,5,31.5,19.25,0.18598894610122968,monthly_candidate
4504,user_258,weekly produce market,groceries,debit,USD,4,30.0,40.0,0.12219234710735763,monthly_candidate
4505,user_259,audio streaming plan,music_subscription,debit,EUR,5,30.5,1.0,0.0,monthly_candidate
4512,user_259,household groceries,groceries,debit,EUR,4,28.0,42.0,0.1569686330463685,monthly_candidate
4515,user_259,monthly rent,rent,debit,EUR,5,30.5,1.0,0.0,monthly_candidate
4516,user_259,municipal utilities,utilities,debit,EUR,5,30.5,1.0,0.07116183330165185,monthly_candidate
4519,user_259,payroll credit,salary,credit,EUR,5,30.5,1.0,0.0,monthly_candidate
4520,user_259,personal loan payment,debt_repayment,debit,EUR,5,30.5,1.0,0.0,monthly_candidate
4525,user_259,weekly produce market,groceries,debit,EUR,4,28.0,7.0,0.09513682707483889,monthly_candidate
4528,user_26,bulk pantry shop,groceries,debit,IDR,4,40.0,25.0,0.07177734819690981,other
4531,user_26,clothing and household items,shopping,debit,IDR,5,30.5,1.0,0.06216505515492503,monthly_candidate
4532,user_26,cloud storage plan,cloud_storage,debit,IDR,5,30.5,1.0,0.0,monthly_candidate
4543,user_26,local market purchase,groceries,debit,IDR,5,30.0,32.5,0.06686691701294127,monthly_candidate
4551,user_26,residential rent payment,rent,debit,IDR,5,30.5,1.0,0.0,monthly_candidate
4557,user_26,video streaming plan,streaming,debit,IDR,5,30.5,1.0,0.0,monthly_candidate
4558,user_26,water and power payment,utilities,debit,IDR,5,30.5,1.0,0.05315290840191279,monthly_candidate
4563,user_260,cinema and events,entertainment,debit,IDR,5,30.5,1.0,0.07751801540631417,monthly_candidate
4565,user_260,commuter pass,transport,debit,IDR,4,50.0,20.0,0.07961083144735184,other
4566,user_260,electricity and water bill,utilities,debit,IDR,6,31.0,1.0,0.04138063134964362,monthly_candidate
4569,user_260,fuel refill,transport,debit,IDR,7,27.5,5.0,0.07777894380602189,other
4572,user_260,international employer payroll,salary,credit,USD,5,30.5,1.0,0.0,monthly_candidate
4573,user_260,landlord standing order,rent,debit,IDR,6,31.0,1.0,0.0,monthly_candidate
4577,user_260,metro and bus fares,transport,debit,IDR,6,20.0,25.0,0.19436447212135474,other
4578,user_260,neighbourhood grocer,groceries,debit,IDR,4,30.0,10.0,0.15137190985540275,monthly_candidate
4579,user_260,neighbourhood restaurant,dining,debit,IDR,4,49.0,38.5,0.17145386367053184,other
4580,user_260,online backup subscription,cloud_storage,debit,IDR,5,30.5,1.0,0.0,monthly_candidate
4581,user_260,online retail purchases,shopping,debit,IDR,5,30.5,1.0,0.06757652834215262,monthly_candidate
4582,user_260,parking and tolls,transport,debit,IDR,6,35.0,25.0,0.16340064240624388,other
4583,user_260,quick-service meal,dining,debit,IDR,5,42.0,17.5,0.013185378167945397,other
4585,user_260,ride-hailing trip,transport,debit,IDR,8,20.0,15.0,0.07417219896930266,other
4587,user_260,takeaway order,dining,debit,IDR,4,21.0,24.5,0.14637459950842777,other
4589,user_260,vehicle insurance premium,insurance,debit,IDR,5,30.5,1.0,0.0,monthly_candidate
4590,user_260,video streaming plan,streaming,debit,IDR,5,30.5,1.0,0.0,monthly_candidate
4591,user_260,weekend food delivery,dining,debit,IDR,4,28.0,56.0,0.10151535955701374,monthly_candidate
4593,user_261,bakery and snacks,dining,debit,EUR,4,28.0,7.0,0.14760134605021946,monthly_candidate
4597,user_261,electricity bill,utilities,debit,EUR,5,30.5,1.5,0.0735564100438447,monthly_candidate
4599,user_261,family healthcare expense,healthcare,debit,EUR,5,30.5,1.5,0.06630684910260629,monthly_candidate
4600,user_261,family streaming plan,streaming,debit,EUR,5,30.5,1.5,0.0,monthly_candidate
4603,user_261,grocery delivery,groceries,debit,EUR,4,20.0,50.0,0.17564132804266583,other
4604,user_261,health insurance premium,insurance,debit,EUR,5,30.5,1.5,0.0,monthly_candidate
4605,user_261,home repair reserve,housing,debit,EUR,5,30.5,1.5,0.0,monthly_candidate
4606,user_261,household groceries,groceries,debit,EUR,6,20.0,20.0,0.15919482863392062,other
4613,user_261,payroll credit,salary,credit,EUR,5,30.5,1.5,0.0,monthly_candidate
4627,user_262,fuel refill,transport,debit,IDR,4,56.0,3.5,0.15678468970779663,other
4630,user_262,household shopping,shopping,debit,IDR,5,31.0,0.25,0.06892796916163935,monthly_candidate
4631,user_262,household utility payment,utilities,debit,IDR,5,31.0,0.25,0.03584463651437745,monthly_candidate
4632,user_262,landlord standing order,rent,debit,IDR,6,31.0,1.0,0.0,monthly_candidate
4633,user_262,loan repayment,debt_repayment,debit,IDR,5,31.0,0.25,0.0,monthly_candidate
4634,user_262,local market purchase,groceries,debit,IDR,4,42.0,31.5,0.11975491300724131,other
4637,user_262,metro and bus fares,transport,debit,IDR,4,28.0,42.0,0.09820844952521617,monthly_candidate
4639,user_262,neighbourhood restaurant,dining,debit,IDR,4,28.0,42.0,0.14899207921843663,monthly_candidate
4640,user_262,parking and tolls,transport,debit,IDR,6,21.0,14.0,0.1422612267546352,other
4641,user_262,primary household salary,salary,credit,IDR,5,31.0,0.25,0.0,monthly_candidate
4644,user_262,ride-hailing trip,transport,debit,IDR,4,28.0,7.0,0.12910746121439387,monthly_candidate
4645,user_262,second household income,salary,credit,IDR,4,31.0,0.5,0.07499120981997727,monthly_candidate
4646,user_262,shared storage plan,cloud_storage,debit,IDR,5,31.0,0.25,0.0,monthly_candidate
4649,user_262,video streaming plan,streaming,debit,IDR,5,31.0,0.25,0.0,monthly_candidate
4650,user_262,weekly produce market,groceries,debit,IDR,7,17.5,12.25,0.16832400570037034,other
4651,user_263,apartment rent transfer,rent,debit,ZAR,6,31.0,1.0,0.0,monthly_candidate
4654,user_263,clothing and household items,shopping,debit,ZAR,5,31.0,0.75,0.06824678098057797,monthly_candidate
4656,user_263,commuter pass,transport,debit,ZAR,6,25.0,40.0,0.1283282092868214,other
4658,user_263,family streaming plan,streaming,debit,ZAR,5,31.0,0.75,0.0,monthly_candidate
4660,user_263,fuel refill,transport,debit,ZAR,4,35.0,40.0,0.20064886280368596,other
4662,user_263,household utility payment,utilities,debit,ZAR,5,31.0,0.75,0.07897889335779686,monthly_candidate
4663,user_263,international employer payroll,salary,credit,EUR,5,31.0,0.75,0.0,monthly_candidate
4665,user_263,local taxi,transport,debit,ZAR,4,20.0,7.5,0.18711464416567467,other
4666,user_263,lunch with colleagues,dining,debit,ZAR,6,21.0,7.0,0.1617244040182514,other
4667,user_263,metro and bus fares,transport,debit,ZAR,6,30.0,5.0,0.11465233613117008,monthly_candidate
4668,user_263,monthly entertainment spend,entertainment,debit,ZAR,5,31.0,0.75,0.05876916604167784,monthly_candidate
4671,user_263,online backup subscription,cloud_storage,debit,ZAR,5,31.0,0.75,0.0,monthly_candidate
4675,user_263,ride-hailing trip,transport,debit,ZAR,5,17.5,8.75,0.13297041078600488,other
4676,user_263,supermarket basket,groceries,debit,ZAR,5,40.0,22.5,0.1825288544185754,other
4677,user_263,takeaway order,dining,debit,ZAR,6,14.0,14.0,0.17076218467263904,other
4678,user_263,vehicle charging,transport,debit,ZAR,6,15.0,40.0,0.18896890126421292,other
4679,user_263,vehicle insurance premium,insurance,debit,ZAR,5,31.0,0.75,0.0,monthly_candidate
4680,user_263,weekend food delivery,dining,debit,ZAR,5,7.0,14.0,0.10549158643844982,weekly_candidate
4682,user_264,apartment rent transfer,rent,debit,INR,6,31.0,1.0,0.0,monthly_candidate
4683,user_264,bakery and snacks,dining,debit,INR,4,63.0,31.5,0.22970698089541916,other
4685,user_264,clothing and household items,shopping,debit,INR,5,30.5,1.5,0.02189959391520757,monthly_candidate
4697,user_264,payroll credit,salary,credit,INR,5,30.5,1.5,0.0,monthly_candidate
4701,user_264,shared storage plan,cloud_storage,debit,INR,5,30.5,1.5,0.0,monthly_candidate
4702,user_264,streaming subscription,streaming,debit,INR,5,30.5,1.5,0.0,monthly_candidate
4703,user_264,supermarket basket,groceries,debit,INR,5,20.0,12.5,0.18300601373026004,other
4705,user_264,water and power payment,utilities,debit,INR,5,30.5,1.5,0.05398939575677889,monthly_candidate
4707,user_264,weekly produce market,groceries,debit,INR,4,20.0,15.0,0.12235616694614596,other
4711,user_265,community fitness plan,gym,debit,INR,5,31.0,0.25,0.0,monthly_candidate
4714,user_265,fresh food shop,groceries,debit,INR,5,42.0,45.5,0.2246366025336786,other
4716,user_265,grocery delivery,groceries,debit,INR,5,21.0,21.0,0.08295005788968872,other
4717,user_265,grocery delivery membership,delivery_membership,debit,INR,5,31.0,0.25,0.0,monthly_candidate
4719,user_265,household utility payment,utilities,debit,INR,5,31.0,0.25,0.07096551578513854,monthly_candidate
4720,user_265,local event tickets,entertainment,debit,INR,5,31.0,0.25,0.06116705398449558,monthly_candidate
4723,user_265,monthly rent,rent,debit,INR,6,31.0,1.0,0.0,monthly_candidate
4724,user_265,music subscription,music_subscription,debit,INR,5,31.0,0.25,0.0,monthly_candidate
4727,user_265,parking and tolls,transport,debit,INR,4,49.0,10.5,0.1575371359346419,other
4731,user_265,ride-hailing trip,transport,debit,INR,4,28.0,38.5,0.13081569851394667,monthly_candidate
4732,user_265,supermarket basket,groceries,debit,INR,6,21.0,14.0,0.14706485844688988,other
4735,user_265,vehicle charging,transport,debit,INR,11,7.0,12.25,0.15301633719693464,weekly_candidate
4738,user_266,apartment rent transfer,rent,debit,EUR,5,30.5,1.0,0.0,monthly_candidate
4739,user_266,bulk pantry shop,groceries,debit,EUR,4,7.0,35.0,0.16270154258561134,weekly_candidate
4741,user_266,dependent care payment,family_support,debit,EUR,5,30.5,1.0,0.0,monthly_candidate
4742,user_266,electricity bill,utilities,debit,EUR,5,30.5,1.0,0.04287751781436327,monthly_candidate
4743,user_266,family healthcare expense,healthcare,debit,EUR,5,30.5,1.0,0.0794862494488193,monthly_candidate
4744,user_266,fresh food shop,groceries,debit,EUR,4,35.0,21.0,0.14141912732475573,other
4749,user_266,local market purchase,groceries,debit,EUR,4,14.0,38.5,0.140995373862083,other
4752,user_266,monthly shopping spend,shopping,debit,EUR,5,30.5,1.0,0.0915844146350517,monthly_candidate
4754,user_266,online backup subscription,cloud_storage,debit,EUR,5,30.5,1.0,0.0,monthly_candidate
4755,user_266,payroll credit,salary,credit,EUR,5,30.5,1.0,0.0,monthly_candidate
4756,user_266,personal loan payment,debt_repayment,debit,EUR,5,30.5,1.0,0.0,monthly_candidate
4758,user_266,supermarket basket,groceries,debit,EUR,4,28.0,45.5,0.07107026756264641,monthly_candidate
4760,user_266,weekly produce market,groceries,debit,EUR,5,17.5,29.75,0.1446255504103228,other
4761,user_267,bakery and snacks,dining,debit,EUR,7,21.0,14.0,0.15286897107231961,other
4763,user_267,cinema and events,entertainment,debit,EUR,5,30.5,1.0,0.03261395415034283,monthly_candidate
4765,user_267,commuter pass,transport,debit,EUR,5,32.5,16.25,0.1503266780763077,other
4766,user_267,electricity and water bill,utilities,debit,EUR,5,30.5,1.0,0.05596481529133755,monthly_candidate
4767,user_267,family dinner,dining,debit,EUR,4,35.0,7.0,0.11500047318222617,other
4768,user_267,family streaming plan,streaming,debit,EUR,5,30.5,1.0,0.0,monthly_candidate
4773,user_267,household insurance,insurance,debit,EUR,5,30.5,1.0,0.0,monthly_candidate
4774,user_267,landlord standing order,rent,debit,EUR,6,31.0,1.0,1.9761313700958807e-16,monthly_candidate
4776,user_267,local taxi,transport,debit,EUR,7,12.5,8.75,0.12370015917222273,other
4778,user_267,metro and bus fares,transport,debit,EUR,4,45.0,20.0,0.12174947670067365,other
4781,user_267,online backup subscription,cloud_storage,debit,EUR,5,30.5,1.0,0.0,monthly_candidate
4783,user_267,payroll credit,salary,credit,USD,5,30.5,1.0,0.0,monthly_candidate
4784,user_267,personal shopping,shopping,debit,EUR,5,30.5,1.0,0.08323313156729296,monthly_candidate
4785,user_267,quick-service meal,dining,debit,EUR,5,28.0,26.25,0.18999872133485257,monthly_candidate
4786,user_267,rail pass,transport,debit,EUR,6,30.0,35.0,0.09422684101193529,monthly_candidate
4787,user_267,ride-hailing trip,transport,debit,EUR,4,35.0,20.0,0.04477310592493365,other
4788,user_267,supermarket basket,groceries,debit,EUR,4,20.0,55.0,0.1559932495043341,other
4789,user_267,takeaway order,dining,debit,EUR,4,21.0,66.5,0.10900680272778498,other
4792,user_268,audio streaming plan,music_subscription,debit,EUR,5,30.5,1.25,0.0,monthly_candidate
4802,user_268,household utility payment,utilities,debit,EUR,6,31.0,1.0,0.029611556432707773,monthly_candidate
4804,user_268,loan repayment,debt_repayment,debit,EUR,5,30.5,1.25,0.0,monthly_candidate
4807,user_268,monthly rent,rent,debit,EUR,6,31.0,1.0,2.0384944902566979e-16,monthly_candidate
4810,user_268,payroll credit,salary,credit,EUR,5,30.5,1.25,0.0,monthly_candidate
4812,user_268,supermarket basket,groceries,debit,EUR,5,28.0,35.0,0.12657934307381707,monthly_candidate
4818,user_269,bulk pantry shop,groceries,debit,ZAR,5,35.0,29.75,0.15379609404640457,other
4821,user_269,course tuition,education,debit,ZAR,5,30.5,1.0,0.0,monthly_candidate
4822,user_269,delivery service plan,delivery_membership,debit,ZAR,5,30.5,1.0,0.0,monthly_candidate
4823,user_269,education loan instalment,debt_repayment,debit,ZAR,5,30.5,1.0,0.0,monthly_candidate
4828,user_269,household groceries,groceries,debit,ZAR,5,21.0,15.75,0.12880251748460653,other
4830,user_269,local taxi,transport,debit,ZAR,6,35.0,28.0,0.18590766095169953,other
4832,user_269,metro and bus fares,transport,debit,ZAR,6,14.0,7.0,0.14944689051821447,other
4833,user_269,municipal utilities,utilities,debit,ZAR,5,30.5,1.0,0.08790968297551312,monthly_candidate
4834,user_269,music service subscription,music_subscription,debit,ZAR,5,30.5,1.0,0.0,monthly_candidate
4837,user_269,parking and tolls,transport,debit,ZAR,4,7.0,73.5,0.20322633371970528,weekly_candidate
4842,user_269,shared housing rent,rent,debit,ZAR,6,31.0,1.0,0.0,monthly_candidate
4843,user_269,supermarket basket,groceries,debit,ZAR,4,21.0,24.5,0.12096411245553033,other
4847,user_27,audio streaming plan,music_subscription,debit,ZAR,5,30.5,1.5,0.0,monthly_candidate
4848,user_27,bulk pantry shop,groceries,debit,ZAR,5,31.5,22.75,0.10647574661831596,monthly_candidate
4849,user_27,community fitness plan,gym,debit,ZAR,5,30.5,1.5,0.0,monthly_candidate
4851,user_27,delivery platform payout,salary,credit,ZAR,5,27.0,12.5,0.16031992824811955,other
4852,user_27,delivery service plan,delivery_membership,debit,ZAR,5,30.5,1.5,0.0,monthly_candidate
4856,user_27,fuel refill,transport,debit,ZAR,5,28.0,35.0,0.13666582005977768,monthly_candidate
4862,user_27,monthly rent,rent,debit,ZAR,6,30.0,1.0,0.0,monthly_candidate
4863,user_27,municipal utilities,utilities,debit,ZAR,5,30.5,1.5,0.06682533114312306,monthly_candidate
4864,user_27,neighbourhood grocer,groceries,debit,ZAR,4,28.0,14.0,0.15676762477885278,monthly_candidate
4866,user_27,parking and tolls,transport,debit,ZAR,5,24.5,12.25,0.05914887268305694,other
4870,user_27,supermarket basket,groceries,debit,ZAR,8,14.0,14.0,0.13096724238884278,other
4873,user_27,vehicle charging,transport,debit,ZAR,4,28.0,10.5,0.10412005231274608,monthly_candidate
4874,user_27,weekend entertainment,entertainment,debit,ZAR,5,30.5,1.5,0.021078767642416014,monthly_candidate
4876,user_27,weekly app earnings,salary,credit,ZAR,10,14.0,10.0,0.19877330708313834,other
4881,user_270,commuter pass,transport,debit,USD,4,28.0,14.0,0.05369454789010171,monthly_candidate
4882,user_270,diagnostic test,healthcare,debit,USD,5,30.5,1.5,0.058060321226256345,monthly_candidate
4883,user_270,energy provider bill,utilities,debit,USD,5,30.5,1.5,0.08033253471850943,monthly_candidate
4888,user_270,home association fee,housing,debit,USD,6,30.0,1.0,0.0,monthly_candidate
4890,user_270,insurance policy payment,insurance,debit,USD,5,30.5,1.5,0.0,monthly_candidate
4897,user_270,primary household salary,salary,credit,USD,5,30.5,1.5,0.0,monthly_candidate
4899,user_270,ride-hailing trip,transport,debit,USD,4,42.0,28.0,0.07714998361871643,other
4900,user_270,second household income,salary,credit,USD,4,30.0,1.5,0.1311045375103708,monthly_candidate
4901,user_270,streaming subscription,streaming,debit,USD,5,30.5,1.5,0.0,monthly_candidate
4905,user_270,weekly produce market,groceries,debit,USD,7,25.0,17.5,0.1923705753043237,other
4907,user_271,bulk pantry shop,groceries,debit,INR,4,49.0,17.5,0.0911985087927133,other
4909,user_271,commuter pass,transport,debit,INR,5,38.5,52.5,0.05991425136418641,other
4911,user_271,family streaming plan,streaming,debit,INR,5,30.5,1.0,0.0,monthly_candidate
4915,user_271,household groceries,groceries,debit,INR,4,21.0,31.5,0.10738019811729015,other
4917,user_271,local taxi,transport,debit,INR,5,49.0,10.5,0.17401661403161223,other
4919,user_271,metro and bus fares,transport,debit,INR,4,21.0,10.5,0.11436709807851535,other
4920,user_271,municipal utilities,utilities,debit,INR,5,30.5,1.0,0.03977568040618746,monthly_candidate
4924,user_271,payroll credit,salary,credit,INR,5,30.5,1.0,0.0,monthly_candidate
4925,user_271,personal shopping,shopping,debit,INR,5,30.5,1.0,0.05577662523863714,monthly_candidate
4929,user_271,shared housing rent,rent,debit,INR,5,30.5,1.0,0.0,monthly_candidate
4930,user_271,shared storage plan,cloud_storage,debit,INR,5,30.5,1.0,0.0,monthly_candidate
4931,user_271,supermarket basket,groceries,debit,INR,4,49.0,10.5,0.11337712115387806,other
4933,user_271,vehicle charging,transport,debit,INR,4,35.0,31.5,0.1255519859110141,other
4934,user_271,vehicle loan payment,debt_repayment,debit,INR,5,30.5,1.0,0.0,monthly_candidate
4936,user_272,bulk pantry shop,groceries,debit,IDR,5,30.0,7.5,0.17093534212737807,monthly_candidate
4937,user_272,child education fee,education,debit,IDR,5,30.5,1.0,0.0,monthly_candidate
4939,user_272,diagnostic test,healthcare,debit,IDR,5,30.5,1.0,0.03490683487306448,monthly_candidate
4942,user_272,health insurance premium,insurance,debit,IDR,5,30.5,1.0,0.0,monthly_candidate
4943,user_272,home repair reserve,housing,debit,IDR,6,31.0,1.0,0.0,monthly_candidate
4945,user_272,local event tickets,entertainment,debit,IDR,5,30.5,1.0,0.06183272477107285,monthly_candidate
4950,user_272,municipal utilities,utilities,debit,IDR,5,30.5,1.0,0.04604456737604903,monthly_candidate
4953,user_272,online backup subscription,cloud_storage,debit,IDR,5,30.5,1.0,0.0,monthly_candidate
4955,user_272,payroll credit,salary,credit,IDR,5,30.5,1.0,0.0,monthly_candidate
4963,user_272,vehicle charging,transport,debit,IDR,4,42.0,28.0,0.19009074970414813,other
4965,user_272,weekly produce market,groceries,debit,IDR,5,15.0,20.0,0.15207399510122777,other
4966,user_273,apartment rent transfer,rent,debit,IDR,6,31.0,1.0,0.0,monthly_candidate
4968,user_273,cloud storage plan,cloud_storage,debit,IDR,5,30.5,1.5,0.0,monthly_candidate
4975,user_273,household shopping,shopping,debit,IDR,5,30.5,1.5,0.0741342767732654,monthly_candidate
4979,user_273,neighbourhood grocer,groceries,debit,IDR,4,50.0,20.0,0.17957727455112646,other
4981,user_273,payroll credit,salary,credit,IDR,5,30.5,1.5,0.0,monthly_candidate
4982,user_273,quick-service meal,dining,debit,IDR,4,21.0,10.5,0.17440474919828436,other
4985,user_273,streaming subscription,streaming,debit,IDR,5,30.5,1.5,0.0,monthly_candidate
4989,user_273,water and power payment,utilities,debit,IDR,6,31.0,1.0,0.06427455292284497,monthly_candidate
4992,user_274,apartment rent transfer,rent,debit,EUR,6,31.0,1.0,0.0,monthly_candidate
4993,user_274,bakery and snacks,dining,debit,EUR,4,28.0,49.0,0.20523013211093,monthly_candidate
4995,user_274,clothing and household items,shopping,debit,EUR,5,31.0,0.25,0.07281341097918431,monthly_candidate
4996,user_274,coffee shop,dining,debit,EUR,6,21.0,14.0,0.18792903584486684,other
4997,user_274,commuter pass,transport,debit,EUR,7,15.0,3.75,0.12952665078553005,other
5001,user_274,games and recreation,entertainment,debit,EUR,5,31.0,0.25,0.0621994937883134,monthly_candidate
5003,user_274,health insurance premium,insurance,debit,EUR,5,31.0,0.25,0.0,monthly_candidate
5007,user_274,lunch with colleagues,dining,debit,EUR,4,7.0,49.0,0.18820644068984013,weekly_candidate
5009,user_274,neighbourhood grocer,groceries,debit,EUR,4,10.0,45.0,0.049189797305129075,other
5011,user_274,online backup subscription,cloud_storage,debit,EUR,5,31.0,0.25,0.0,monthly_candidate
5012,user_274,parking and tolls,transport,debit,EUR,6,10.0,25.0,0.15563777149469393,other
5013,user_274,payroll credit,salary,credit,USD,5,31.0,0.25,0.0,monthly_candidate
5014,user_274,quick-service meal,dining,debit,EUR,4,35.0,21.0,0.07537351950113119,other
5016,user_274,ride-hailing trip,transport,debit,EUR,6,15.0,5.0,0.14689327055506526,other
5019,user_274,vehicle charging,transport,debit,EUR,5,22.5,48.75,0.16230668463150413,other
5020,user_274,video streaming plan,streaming,debit,EUR,5,31.0,0.25,0.0,monthly_candidate
5021,user_274,water and power payment,utilities,debit,EUR,5,31.0,0.25,0.06260535664422832,monthly_candidate
5024,user_275,clothing and household items,shopping,debit,IDR,5,31.0,0.75,0.08233236933200976,monthly_candidate
5025,user_275,cloud storage plan,cloud_storage,debit,IDR,5,31.0,0.75,0.0,monthly_candidate
5027,user_275,electricity bill,utilities,debit,IDR,5,31.0,0.75,0.05744229619977477,monthly_candidate
5033,user_275,local taxi,transport,debit,IDR,5,21.0,21.0,0.2005888251001587,other
5034,user_275,neighbourhood grocer,groceries,debit,IDR,7,21.0,24.5,0.14298337000747366,other
5035,user_275,parent support transfer,family_support,debit,IDR,5,31.0,0.75,0.0,monthly_candidate
5036,user_275,payroll credit,salary,credit,IDR,5,31.0,0.75,0.0,monthly_candidate
5037,user_275,personal loan payment,debt_repayment,debit,IDR,5,31.0,0.75,0.0,monthly_candidate
5040,user_275,regular medicine purchase,healthcare,debit,IDR,5,31.0,0.75,0.05494389800371914,monthly_candidate
5042,user_275,shared housing rent,rent,debit,IDR,6,31.0,1.0,0.0,monthly_candidate
5043,user_275,supermarket basket,groceries,debit,IDR,4,14.0,17.5,0.13008658510459906,other
5045,user_275,weekly produce market,groceries,debit,IDR,5,28.0,40.25,0.1378008930898533,monthly_candidate
5048,user_28,clothing and household items,shopping,debit,EUR,5,30.5,1.25,0.049569809829329965,monthly_candidate
5049,user_28,cloud storage plan,cloud_storage,debit,EUR,5,30.5,1.25,0.0,monthly_candidate
5055,user_28,grocery delivery,groceries,debit,EUR,4,56.0,45.5,0.0812689883456684,other
5057,user_28,household utility payment,utilities,debit,EUR,6,31.0,1.0,0.07200483718035315,monthly_candidate
5059,user_28,local taxi,transport,debit,EUR,6,28.0,28.0,0.1313883503601589,monthly_candidate
5062,user_28,neighbourhood grocer,groceries,debit,EUR,4,14.0,24.5,0.1708959179153113,other
5065,user_28,payroll credit,salary,credit,EUR,5,30.5,1.25,0.0,monthly_candidate
5066,user_28,personal loan payment,debt_repayment,debit,EUR,5,30.5,1.25,0.0,monthly_candidate
5068,user_28,ride-hailing trip,transport,debit,EUR,6,28.0,7.0,0.0878892873590227,monthly_candidate
5069,user_28,shared housing rent,rent,debit,EUR,6,31.0,1.0,1.585148322945009e-16,monthly_candidate
5070,user_28,streaming subscription,streaming,debit,EUR,5,30.5,1.25,0.0,monthly_candidate
5071,user_28,supermarket basket,groceries,debit,EUR,8,21.0,21.0,0.10549783668176539,other
5077,user_29,building maintenance payment,housing,debit,ZAR,6,31.0,1.0,0.0,monthly_candidate
5081,user_29,diagnostic test,healthcare,debit,ZAR,5,30.5,1.0,0.06185058594938214,monthly_candidate
5082,user_29,electricity and water bill,utilities,debit,ZAR,5,30.5,1.0,0.056242470626770784,monthly_candidate
5086,user_29,games and recreation,entertainment,debit,ZAR,5,30.5,1.0,0.08168848702625199,monthly_candidate
5089,user_29,insurance policy payment,insurance,debit,ZAR,5,30.5,1.0,0.0,monthly_candidate
5094,user_29,online backup subscription,cloud_storage,debit,ZAR,5,30.5,1.0,0.0,monthly_candidate
5098,user_29,school fee payment,education,debit,ZAR,5,30.5,1.0,0.0,monthly_candidate
5104,user_30,bulk pantry shop,groceries,debit,USD,4,40.0,20.0,0.10143557868259341,other
5110,user_30,family streaming plan,streaming,debit,USD,5,30.5,1.5,0.0,monthly_candidate
5116,user_30,household utility payment,utilities,debit,USD,5,30.5,1.5,0.07310323729416138,monthly_candidate
5118,user_30,landlord standing order,rent,debit,USD,6,31.0,1.0,0.0,monthly_candidate
5123,user_30,monthly shopping spend,shopping,debit,USD,5,30.5,1.5,0.08585431379303973,monthly_candidate
5125,user_30,online backup subscription,cloud_storage,debit,USD,5,30.5,1.5,0.0,monthly_candidate
5135,user_31,bulk pantry shop,groceries,debit,IDR,4,49.0,21.0,0.14321029883762412,other
5137,user_31,commuter pass,transport,debit,IDR,5,10.5,22.75,0.12488737862968942,other
5138,user_31,delivery service plan,delivery_membership,debit,IDR,5,30.5,1.0,0.0,monthly_candidate
5140,user_31,fresh food shop,groceries,debit,IDR,5,28.0,38.5,0.19079935143079865,monthly_candidate
5141,user_31,fuel refill,transport,debit,IDR,4,56.0,45.5,0.2299341127806994,other
5143,user_31,gym membership,gym,debit,IDR,5,30.5,1.0,0.0,monthly_candidate
5145,user_31,household utility payment,utilities,debit,IDR,5,30.5,1.0,0.07629168063333576,monthly_candidate
5147,user_31,local taxi,transport,debit,IDR,4,21.0,35.0,0.15155270492753062,other
5149,user_31,music service subscription,music_subscription,debit,IDR,5,30.5,1.0,0.0,monthly_candidate
5153,user_31,payroll credit,salary,credit,IDR,5,30.5,1.0,0.15447232612146167,monthly_candidate
5155,user_31,residential rent payment,rent,debit,IDR,5,30.5,1.0,0.0,monthly_candidate
5160,user_31,weekend entertainment,entertainment,debit,IDR,5,30.5,1.0,0.07067576615809601,monthly_candidate
5161,user_31,weekend food delivery,dining,debit,IDR,4,28.0,21.0,0.12625343381496007,monthly_candidate
5163,user_32,bakery and snacks,dining,debit,ZAR,6,28.0,42.0,0.17697567930529617,monthly_candidate
5164,user_32,bulk pantry shop,groceries,debit,ZAR,6,28.0,14.0,0.16754749808881433,monthly_candidate
5167,user_32,course tuition,education,debit,ZAR,5,30.5,1.0,0.0,monthly_candidate
5170,user_32,fresh food shop,groceries,debit,ZAR,5,28.0,7.0,0.10833481417643083,monthly_candidate
5173,user_32,grocery delivery membership,delivery_membership,debit,ZAR,5,30.5,1.0,0.0,monthly_candidate
5175,user_32,local market purchase,groceries,debit,ZAR,6,21.0,21.0,0.09111734800990844,other
5177,user_32,metro and bus fares,transport,debit,ZAR,5,24.5,14.0,0.08636087657121327,other
5178,user_32,monthly rent,rent,debit,ZAR,6,31.0,1.0,0.0,monthly_candidate
5179,user_32,municipal utilities,utilities,debit,ZAR,5,30.5,1.0,0.0544414562714221,monthly_candidate
5180,user_32,music service subscription,music_subscription,debit,ZAR,5,30.5,1.0,0.0,monthly_candidate
5182,user_32,parking and tolls,transport,debit,ZAR,4,42.0,14.0,0.14515422874409417,other
5183,user_32,personal loan payment,debt_repayment,debit,ZAR,5,30.5,1.0,0.0,monthly_candidate
5186,user_32,ride-hailing trip,transport,debit,ZAR,4,35.0,17.5,0.08343582673006422,other
5189,user_32,vehicle charging,transport,debit,ZAR,5,21.0,26.25,0.21636928828029958,other
5191,user_33,apartment rent transfer,rent,debit,INR,6,31.0,1.0,0.0,monthly_candidate
5192,user_33,bakery and snacks,dining,debit,INR,5,31.5,19.25,0.13373753753956139,monthly_candidate
5194,user_33,cloud storage plan,cloud_storage,debit,INR,5,30.5,1.0,0.0,monthly_candidate
5196,user_33,commuter pass,transport,debit,INR,8,10.0,17.5,0.13268973739498519,other
5197,user_33,electricity bill,utilities,debit,INR,6,31.0,1.0,0.0721569195699504,monthly_candidate
5200,user_33,fuel refill,transport,debit,INR,5,35.0,37.5,0.17216343484977076,other
5201,user_33,games and recreation,entertainment,debit,INR,5,30.5,1.0,0.05142532894082517,monthly_candidate
5205,user_33,household insurance,insurance,debit,INR,5,30.5,1.0,0.0,monthly_candidate
5206,user_33,household shopping,shopping,debit,INR,5,30.5,1.0,0.08282660941425792,monthly_candidate
5208,user_33,local taxi,transport,debit,INR,4,15.0,20.0,0.20003845823531283,other
5209,user_33,lunch with colleagues,dining,debit,INR,5,28.0,29.75,0.1343972998528058,monthly_candidate
5210,user_33,metro and bus fares,transport,debit,INR,5,30.0,23.75,0.11258416029202399,monthly_candidate
5214,user_33,payroll credit,salary,credit,INR,5,30.5,1.0,0.0,monthly_candidate
5215,user_33,quick-service meal,dining,debit,INR,4,42.0,17.5,0.16082123124445957,other
5216,user_33,rail pass,transport,debit,INR,4,30.0,27.5,0.06468096499741123,monthly_candidate
5217,user_33,ride-hailing trip,transport,debit,INR,4,30.0,20.0,0.18833606158851854,monthly_candidate
5218,user_33,supermarket basket,groceries,debit,INR,4,20.0,45.0,0.15213488136966716,other
5220,user_33,vehicle charging,transport,debit,INR,4,50.0,20.0,0.13368533816499226,other
5221,user_33,video streaming plan,streaming,debit,INR,5,30.5,1.0,0.0,monthly_candidate
5222,user_33,weekend food delivery,dining,debit,INR,4,14.0,14.0,0.15250517884063766,other
5231,user_34,electricity and water bill,utilities,debit,INR,5,31.0,0.25,0.05511955892642983,monthly_candidate
5234,user_34,grocery delivery,groceries,debit,INR,4,30.0,10.0,0.12908780075295503,monthly_candidate
5241,user_34,monthly rent,rent,debit,INR,6,31.0,1.0,0.0,monthly_candidate
5243,user_34,online backup subscription,cloud_storage,debit,INR,5,31.0,0.25,0.0,monthly_candidate
5244,user_34,online retail purchases,shopping,debit,INR,5,31.0,0.25,0.07992588962063531,monthly_candidate
5248,user_34,streaming subscription,streaming,debit,INR,5,31.0,0.25,0.0,monthly_candidate
5253,user_34,weekly produce market,groceries,debit,INR,4,40.0,25.0,0.1811315306517443,other
5254,user_35,bakery and snacks,dining,debit,INR,7,21.0,24.5,0.11695503156911584,other
5255,user_35,bulk pantry shop,groceries,debit,INR,6,21.0,0.0,0.10714280221686662,other
5257,user_35,energy provider bill,utilities,debit,INR,6,31.0,1.0,0.06850891151228625,monthly_candidate
5259,user_35,fresh food shop,groceries,debit,INR,4,42.0,14.0,0.17178969590380447,other
5260,user_35,fuel refill,transport,debit,INR,7,24.5,22.75,0.08854756799733461,other
5261,user_35,grocery delivery membership,delivery_membership,debit,INR,6,31.0,1.0,0.0,monthly_candidate
5262,user_35,household groceries,groceries,debit,INR,6,35.0,28.0,0.12216306831799424,other
5265,user_35,metro and bus fares,transport,debit,INR,4,28.0,52.5,0.21135790525113443,monthly_candidate
5266,user_35,music subscription,music_subscription,debit,INR,6,31.0,1.0,0.0,monthly_candidate
5269,user_35,parking and tolls,transport,debit,INR,4,21.0,14.0,0.09824342887837398,other
5270,user_35,payroll credit,salary,credit,INR,6,31.0,1.0,0.0,monthly_candidate
5271,user_35,professional training fee,education,debit,INR,6,31.0,1.0,0.0,monthly_candidate
5277,user_35,shared housing rent,rent,debit,INR,6,31.0,1.0,0.0,monthly_candidate
5281,user_35,vehicle loan payment,debt_repayment,debit,INR,6,31.0,1.0,0.0,monthly_candidate
5285,user_36,clinic payment,healthcare,debit,USD,5,30.5,1.5,0.028478568450710756,monthly_candidate
5291,user_36,home association fee,housing,debit,USD,6,30.0,1.0,0.0,monthly_candidate
5292,user_36,household groceries,groceries,debit,USD,4,20.0,20.0,0.18014056117176078,other
5293,user_36,insurance policy payment,insurance,debit,USD,5,30.5,1.5,0.0,monthly_candidate
5297,user_36,neighbourhood restaurant,dining,debit,USD,4,28.0,14.0,0.025294947705811442,monthly_candidate
5298,user_36,payroll credit,salary,credit,USD,5,30.5,1.5,0.0,monthly_candidate
5300,user_36,rail pass,transport,debit,USD,4,42.0,14.0,0.1245395631654678,other
5305,user_36,video streaming plan,streaming,debit,USD,5,30.5,1.5,0.0,monthly_candidate
5306,user_36,water and power payment,utilities,debit,USD,5,30.5,1.5,0.07832952899910808,monthly_candidate
5307,user_36,weekly produce market,groceries,debit,USD,4,40.0,5.0,0.12484099131277483,other
5312,user_37,electricity bill,utilities,debit,IDR,5,31.0,0.25,0.02096863833757196,monthly_candidate
5316,user_37,household groceries,groceries,debit,IDR,6,7.0,7.0,0.1099549621189247,weekly_candidate
5317,user_37,loan repayment,debt_repayment,debit,IDR,5,31.0,0.25,0.0,monthly_candidate
5318,user_37,local market purchase,groceries,debit,IDR,5,31.5,35.0,0.12065777806396985,monthly_candidate
5322,user_37,monthly rent,rent,debit,IDR,6,31.0,1.0,0.0,monthly_candidate
5324,user_37,online retail purchases,shopping,debit,IDR,5,31.0,0.25,0.0580291365005321,monthly_candidate
5325,user_37,parking and tolls,transport,debit,IDR,5,24.5,8.75,0.06659131313216424,other
5326,user_37,payroll credit,salary,credit,IDR,5,31.0,0.25,0.0,monthly_candidate
5328,user_37,quick-service meal,dining,debit,IDR,4,14.0,56.0,0.13942144828333305,other
5329,user_37,rail pass,transport,debit,IDR,4,28.0,52.5,0.06431981143314335,monthly_candidate
5330,user_37,ride-hailing trip,transport,debit,IDR,5,14.0,26.25,0.2078485267777907,other
5331,user_37,shared storage plan,cloud_storage,debit,IDR,5,31.0,0.25,0.0,monthly_candidate
5332,user_37,streaming subscription,streaming,debit,IDR,5,31.0,0.25,0.0,monthly_candidate
5333,user_37,supermarket basket,groceries,debit,IDR,5,38.5,22.75,0.14387321597831432,other
5340,user_38,clinic payment,healthcare,debit,EUR,5,30.5,1.0,0.06296146892512759,monthly_candidate
5341,user_38,cloud storage plan,cloud_storage,debit,EUR,5,30.5,1.0,0.0,monthly_candidate
5345,user_38,household groceries,groceries,debit,EUR,5,45.0,37.5,0.18108677386962269,other
5346,user_38,household insurance,insurance,debit,EUR,5,30.5,1.0,0.0,monthly_candidate
5347,user_38,household utility payment,utilities,debit,EUR,5,30.5,1.0,0.06310479759444489,monthly_candidate
5349,user_38,local event tickets,entertainment,debit,EUR,5,30.5,1.0,0.0692409694420096,monthly_candidate
5352,user_38,lunch with colleagues,dining,debit,EUR,5,21.0,21.0,0.18150713898441853,other
5356,user_38,payroll credit,salary,credit,EUR,5,30.5,1.0,0.0,monthly_candidate
5358,user_38,professional training fee,education,debit,EUR,5,30.5,1.0,0.0,monthly_candidate
5359,user_38,property maintenance contribution,housing,debit,EUR,6,31.0,1.0,0.0,monthly_candidate
5362,user_38,ride-hailing trip,transport,debit,EUR,4,28.0,14.0,0.15346414622383814,monthly_candidate
5364,user_38,vehicle charging,transport,debit,EUR,5,28.0,17.5,0.1502529170156436,monthly_candidate
5366,user_39,bakery and snacks,dining,debit,INR,4,49.0,14.0,0.16510059009246614,other
5367,user_39,bulk pantry shop,groceries,debit,INR,4,30.0,40.0,0.18502039750054458,monthly_candidate
5368,user_39,clothing and household items,shopping,debit,INR,5,30.5,1.5,0.06566216451162021,monthly_candidate
5369,user_39,coffee shop,dining,debit,INR,7,21.0,29.75,0.08879674877698011,other
5371,user_39,energy provider bill,utilities,debit,INR,5,30.5,1.5,0.07173777150835146,monthly_candidate
5373,user_39,family streaming plan,streaming,debit,INR,5,30.5,1.5,0.0,monthly_candidate
5378,user_39,local event tickets,entertainment,debit,INR,5,30.5,1.5,0.08756974948814625,monthly_candidate
5379,user_39,local market purchase,groceries,debit,INR,5,40.0,30.0,0.14987233687435142,other
5380,user_39,local taxi,transport,debit,INR,7,25.0,13.75,0.1517317522632767,other
5381,user_39,lunch with colleagues,dining,debit,INR,4,42.0,38.5,0.13085063093029292,other
5385,user_39,parking and tolls,transport,debit,INR,7,17.5,26.25,0.12377277950763091,other
5386,user_39,payroll credit,salary,credit,USD,5,30.5,1.5,0.0,monthly_candidate
5389,user_39,residential rent payment,rent,debit,INR,5,30.5,1.5,0.0,monthly_candidate
5391,user_39,shared storage plan,cloud_storage,debit,INR,5,30.5,1.5,0.0,monthly_candidate
5394,user_39,vehicle charging,transport,debit,INR,9,20.0,13.75,0.18658490913769737,other
5395,user_39,vehicle insurance premium,insurance,debit,INR,5,30.5,1.5,0.0,monthly_candidate
5401,user_40,education loan instalment,debt_repayment,debit,EUR,5,30.5,1.25,0.0,monthly_candidate
5406,user_40,grocery delivery,groceries,debit,EUR,4,21.0,10.5,0.1296621376380392,other
5407,user_40,grocery delivery membership,delivery_membership,debit,EUR,5,30.5,1.25,0.0,monthly_candidate
5409,user_40,household utility payment,utilities,debit,EUR,6,31.0,1.0,0.0735848718775081,monthly_candidate
5413,user_40,metro and bus fares,transport,debit,EUR,4,35.0,49.0,0.11558781759055964,other
5414,user_40,music subscription,music_subscription,debit,EUR,5,30.5,1.25,0.0,monthly_candidate
5415,user_40,neighbourhood grocer,groceries,debit,EUR,4,14.0,17.5,0.06121477987237466,other
5417,user_40,parking and tolls,transport,debit,EUR,4,35.0,35.0,0.14390648450438734,other
5418,user_40,professional training fee,education,debit,EUR,5,30.5,1.25,0.0,monthly_candidate
5420,user_40,rail pass,transport,debit,EUR,6,21.0,7.0,0.16012521547068673,other
5422,user_40,shared housing rent,rent,debit,EUR,6,31.0,1.0,0.0,monthly_candidate
5423,user_40,supermarket basket,groceries,debit,EUR,5,31.5,29.75,0.11653964038153224,monthly_candidate
5427,user_40,weekly produce market,groceries,debit,EUR,4,49.0,21.0,0.09132279348235921,other
5428,user_41,bakery and snacks,dining,debit,IDR,5,7.0,14.0,0.20272784024690238,weekly_candidate
5430,user_41,coffee shop,dining,debit,IDR,5,17.5,15.75,0.17018410595967423,other
5433,user_41,family streaming plan,streaming,debit,IDR,5,30.5,1.0,0.0,monthly_candidate
5435,user_41,fuel refill,transport,debit,IDR,7,15.0,13.75,0.16300188562882648,other
5436,user_41,household groceries,groceries,debit,IDR,4,10.0,55.0,0.10946373272970676,other
5437,user_41,insurance policy payment,insurance,debit,IDR,5,30.5,1.0,0.0,monthly_candidate
5438,user_41,international employer payroll,salary,credit,USD,5,30.5,1.0,0.0,monthly_candidate
5443,user_41,monthly shopping spend,shopping,debit,IDR,5,30.5,1.0,0.06981778974680686,monthly_candidate
5446,user_41,parking and tolls,transport,debit,IDR,7,5.0,15.0,0.15449374786170658,other
5447,user_41,quick-service meal,dining,debit,IDR,5,21.0,5.25,0.1626140249981117,other
5448,user_41,rail pass,transport,debit,IDR,5,25.0,25.0,0.1634144442539055,other
5449,user_41,residential rent payment,rent,debit,IDR,6,31.0,1.0,0.0,monthly_candidate
5451,user_41,shared storage plan,cloud_storage,debit,IDR,5,30.5,1.0,0.0,monthly_candidate
5452,user_41,supermarket basket,groceries,debit,IDR,4,30.0,40.0,0.1169929869443251,monthly_candidate
5453,user_41,takeaway order,dining,debit,IDR,4,42.0,28.0,0.08207004384634124,other
5454,user_41,vehicle charging,transport,debit,IDR,7,7.5,16.25,0.11144053118637348,weekly_candidate
5455,user_41,water and power payment,utilities,debit,IDR,5,30.5,1.0,0.06840994556971433,monthly_candidate
5456,user_41,weekend entertainment,entertainment,debit,IDR,5,30.5,1.0,0.06490571312073504,monthly_candidate
5458,user_42,apartment rent transfer,rent,debit,INR,6,31.0,1.0,0.0,monthly_candidate
5461,user_42,clothing and household items,shopping,debit,INR,5,30.5,1.0,0.03807168873619849,monthly_candidate
5462,user_42,coffee shop,dining,debit,INR,5,28.0,14.0,0.14462176623782025,monthly_candidate
5463,user_42,commuter pass,transport,debit,INR,5,32.5,11.25,0.209026325164397,other
5464,user_42,electricity bill,utilities,debit,INR,5,30.5,1.0,0.06729756492080378,monthly_candidate
5465,user_42,family dinner,dining,debit,INR,6,28.0,21.0,0.1596381397485689,monthly_candidate
5467,user_42,fuel refill,transport,debit,INR,6,15.0,30.0,0.11226308251403926,other
5468,user_42,grocery delivery,groceries,debit,INR,4,20.0,10.0,0.04993127127411175,other
5470,user_42,local event tickets,entertainment,debit,INR,5,30.5,1.0,0.06219812081443831,monthly_candidate
5472,user_42,local taxi,transport,debit,INR,5,30.0,35.0,0.10908480691277686,monthly_candidate
5473,user_42,lunch with colleagues,dining,debit,INR,5,21.0,17.5,0.15091140415866067,other
5474,user_42,metro and bus fares,transport,debit,INR,4,30.0,45.0,0.18503858275859064,monthly_candidate
5477,user_42,online backup subscription,cloud_storage,debit,INR,5,30.5,1.0,0.0,monthly_candidate
5479,user_42,primary household salary,salary,credit,INR,5,30.5,1.0,0.0,monthly_candidate
5481,user_42,rail pass,transport,debit,INR,6,15.0,5.0,0.1432511483273,other
5482,user_42,ride-hailing trip,transport,debit,INR,4,15.0,45.0,0.12753717092660843,other
5483,user_42,second household income,salary,credit,INR,4,31.0,0.5,0.12648913596519024,monthly_candidate
5486,user_42,vehicle charging,transport,debit,INR,4,35.0,30.0,0.04875946986461882,other
5487,user_42,vehicle insurance premium,insurance,debit,INR,5,30.5,1.0,0.0,monthly_candidate
5488,user_42,video streaming plan,streaming,debit,INR,5,30.5,1.0,0.0,monthly_candidate
5489,user_42,weekly produce market,groceries,debit,INR,4,10.0,10.0,0.18257340463324845,other
5494,user_43,credit card repayment,debt_repayment,debit,IDR,5,30.5,1.0,0.0,monthly_candidate
5502,user_43,monthly rent,rent,debit,IDR,6,31.0,1.0,0.0,monthly_candidate
5503,user_43,municipal utilities,utilities,debit,IDR,5,30.5,1.0,0.028456308787473565,monthly_candidate
5504,user_43,music subscription,music_subscription,debit,IDR,5,30.5,1.0,0.0,monthly_candidate
5508,user_43,previous employer payroll,salary,credit,IDR,4,30.0,0.5,0.0,monthly_candidate
5516,user_44,apartment rent transfer,rent,debit,INR,6,31.0,1.0,0.0,monthly_candidate
5522,user_44,food delivery membership,delivery_membership,debit,INR,5,30.5,1.0,0.0,monthly_candidate
5524,user_44,fuel refill,transport,debit,INR,4,21.0,10.5,0.08322164456930635,other
5527,user_44,loan repayment,debt_repayment,debit,INR,5,30.5,1.0,0.0,monthly_candidate
5528,user_44,local market purchase,groceries,debit,INR,6,14.0,14.0,0.10414751820300924,other
5529,user_44,local taxi,transport,debit,INR,6,21.0,21.0,0.13844916264892768,other
5530,user_44,lunch with colleagues,dining,debit,INR,4,14.0,7.0,0.12883840300936156,other
5532,user_44,municipal utilities,utilities,debit,INR,5,30.5,1.0,0.06066834173492467,monthly_candidate
5533,user_44,music service subscription,music_subscription,debit,INR,5,30.5,1.0,0.0,monthly_candidate
5534,user_44,neighbourhood grocer,groceries,debit,INR,7,28.0,10.5,0.19507162337020176,monthly_candidate
5537,user_44,professional training fee,education,debit,INR,5,30.5,1.0,0.0,monthly_candidate
5539,user_44,rail pass,transport,debit,INR,4,56.0,42.0,0.15562250552909054,other
5540,user_44,ride-hailing trip,transport,debit,INR,4,28.0,10.5,0.16315630905890574,monthly_candidate
5546,user_45,building maintenance payment,housing,debit,IDR,6,30.0,1.0,0.0,monthly_candidate
5548,user_45,clinic payment,healthcare,debit,IDR,5,30.5,1.5,0.04350737069583389,monthly_candidate
5549,user_45,coffee shop,dining,debit,IDR,4,28.0,28.0,0.19860009658937677,monthly_candidate
5554,user_45,health insurance premium,insurance,debit,IDR,5,30.5,1.5,0.0,monthly_candidate
5555,user_45,household utility payment,utilities,debit,IDR,5,30.5,1.5,0.06964558654686821,monthly_candidate
5556,user_45,local market purchase,groceries,debit,IDR,4,40.0,5.0,0.04041838568735589,other
5559,user_45,payroll credit,salary,credit,IDR,5,30.5,1.5,0.0,monthly_candidate
5561,user_45,ride-hailing trip,transport,debit,IDR,4,28.0,35.0,0.19944144349123488,monthly_candidate
5564,user_45,vehicle charging,transport,debit,IDR,4,14.0,35.0,0.052109651098167425,other
5565,user_45,video streaming plan,streaming,debit,IDR,5,30.5,1.5,0.0,monthly_candidate
5567,user_45,weekly produce market,groceries,debit,IDR,4,30.0,25.0,0.19624001864175397,monthly_candidate
5570,user_46,commuter pass,transport,debit,INR,4,35.0,31.5,0.19323364377024485,other
5571,user_46,credit card repayment,debt_repayment,debit,INR,5,31.0,0.25,0.0,monthly_candidate
5572,user_46,electricity and water bill,utilities,debit,INR,5,31.0,0.25,0.04114661034757525,monthly_candidate
5576,user_46,household groceries,groceries,debit,INR,8,14.0,17.5,0.15848243561528,other
5579,user_46,local taxi,transport,debit,INR,5,17.5,28.0,0.048526151619415564,other
5582,user_46,monthly shopping spend,shopping,debit,INR,5,31.0,0.25,0.06268920427170278,monthly_candidate
5585,user_46,online backup subscription,cloud_storage,debit,INR,5,31.0,0.25,0.0,monthly_candidate
5587,user_46,payroll credit,salary,credit,INR,5,31.0,0.25,0.0,monthly_candidate
5591,user_46,shared housing rent,rent,debit,INR,5,31.0,0.25,0.0,monthly_candidate
5592,user_46,streaming subscription,streaming,debit,INR,5,31.0,0.25,0.0,monthly_candidate
5593,user_46,supermarket basket,groceries,debit,INR,4,28.0,49.0,0.14501932191416966,monthly_candidate
5595,user_46,vehicle charging,transport,debit,INR,4,35.0,21.0,0.1633830953733125,other
5597,user_46,weekly produce market,groceries,debit,INR,5,10.5,24.5,0.1613879396326423,other
5599,user_47,cinema and events,entertainment,debit,IDR,5,31.0,0.75,0.07868812953432353,monthly_candidate
5601,user_47,community fitness plan,gym,debit,IDR,5,31.0,0.75,0.0,monthly_candidate
5603,user_47,delivery platform payout,salary,credit,IDR,9,12.0,7.25,0.15370394889020791,other
5604,user_47,delivery service plan,delivery_membership,debit,IDR,5,31.0,0.75,0.0,monthly_candidate
5605,user_47,driver platform payout,salary,credit,IDR,4,52.0,17.0,0.2715272188300229,other
5611,user_47,household utility payment,utilities,debit,IDR,5,31.0,0.75,0.045578805497314905,monthly_candidate
5612,user_47,local market purchase,groceries,debit,IDR,4,42.0,7.0,0.03647479579167507,other
5613,user_47,local taxi,transport,debit,IDR,7,21.0,24.5,0.12825559059338187,other
5615,user_47,metro and bus fares,transport,debit,IDR,4,7.0,7.0,0.16753436142591974,weekly_candidate
5616,user_47,music service subscription,music_subscription,debit,IDR,5,31.0,0.75,0.0,monthly_candidate
5617,user_47,neighbourhood grocer,groceries,debit,IDR,4,14.0,52.5,0.21645807019266128,other
5622,user_47,ride-hailing trip,transport,debit,IDR,4,56.0,31.5,0.08589145692714252,other
5623,user_47,shared housing rent,rent,debit,IDR,6,31.0,1.0,0.0,monthly_candidate
5624,user_47,supermarket basket,groceries,debit,IDR,7,17.5,12.25,0.0873768097558633,other
5626,user_47,task marketplace payout,salary,credit,IDR,4,14.0,12.0,0.16998496265272492,other
5631,user_48,apartment rent transfer,rent,debit,INR,6,30.0,1.0,0.0,monthly_candidate
5633,user_48,coffee shop,dining,debit,INR,7,17.5,12.25,0.1503330104293666,other
5634,user_48,commuter pass,transport,debit,INR,6,30.0,30.0,0.1005090945332873,monthly_candidate
5635,user_48,electricity bill,utilities,debit,INR,6,30.0,1.0,0.049257233090611606,monthly_candidate
5636,user_48,family dinner,dining,debit,INR,4,21.0,10.5,0.19375482980303457,other
5638,user_48,fuel refill,transport,debit,INR,4,40.0,20.0,0.1423570592197466,other
5641,user_48,household shopping,shopping,debit,INR,6,30.0,1.0,0.08783971780152147,monthly_candidate
5642,user_48,insurance policy payment,insurance,debit,INR,6,30.0,1.0,0.0,monthly_candidate
5644,user_48,local taxi,transport,debit,INR,5,27.5,30.0,0.1582001869683028,other
5645,user_48,lunch with colleagues,dining,debit,INR,4,49.0,17.5,0.0834402470838365,other
5646,user_48,metro and bus fares,transport,debit,INR,10,10.0,5.0,0.15631096099312905,other
5647,user_48,neighbourhood grocer,groceries,debit,INR,4,40.0,40.0,0.08632435378636535,other
5650,user_48,payroll credit,salary,credit,USD,6,30.0,1.0,0.0,monthly_candidate
5653,user_48,rail pass,transport,debit,INR,4,25.0,5.0,0.12212721638464204,other
5655,user_48,shared storage plan,cloud_storage,debit,INR,6,30.0,1.0,0.0,monthly_candidate
5656,user_48,streaming subscription,streaming,debit,INR,6,30.0,1.0,0.0,monthly_candidate
5657,user_48,supermarket basket,groceries,debit,INR,4,60.0,35.0,0.17628744581856812,other
5659,user_48,vehicle charging,transport,debit,INR,4,20.0,25.0,0.03789454364946898,other
5660,user_48,weekend entertainment,entertainment,debit,INR,6,30.0,1.0,0.06425142449059613,monthly_candidate
5661,user_48,weekend food delivery,dining,debit,INR,4,21.0,24.5,0.06294139015205912,other
5666,user_49,community fitness plan,gym,debit,IDR,5,31.0,0.25,0.0,monthly_candidate
5671,user_49,games and recreation,entertainment,debit,IDR,5,31.0,0.25,0.06024509475996836,monthly_candidate
5672,user_49,grocery delivery,groceries,debit,IDR,5,14.0,14.0,0.13979080820987752,other
5673,user_49,grocery delivery membership,delivery_membership,debit,IDR,5,31.0,0.25,0.0,monthly_candidate
5676,user_49,local taxi,transport,debit,IDR,4,56.0,17.5,0.1872879929192495,other
5679,user_49,music service subscription,music_subscription,debit,IDR,5,31.0,0.25,0.0,monthly_candidate
5683,user_49,payroll credit,salary,credit,IDR,5,31.0,0.25,0.15447232612146167,monthly_candidate
5685,user_49,rail pass,transport,debit,IDR,5,24.5,24.5,0.08619383726063248,other
5686,user_49,ride-hailing trip,transport,debit,IDR,4,14.0,21.0,0.15553050908264546,other
5687,user_49,shared housing rent,rent,debit,IDR,6,31.0,1.0,0.0,monthly_candidate
5688,user_49,supermarket basket,groceries,debit,IDR,4,42.0,10.5,0.13166496829614116,other
5689,user_49,vehicle charging,transport,debit,IDR,4,28.0,28.0,0.07300681884150317,monthly_candidate
5690,user_49,water and power payment,utilities,debit,IDR,5,31.0,0.25,0.08562920891266812,monthly_candidate
5692,user_49,weekly produce market,groceries,debit,IDR,5,24.5,28.0,0.14684723678215858,other
5694,user_50,cloud storage plan,cloud_storage,debit,INR,5,30.5,1.0,0.0,monthly_candidate
5695,user_50,commuter pass,transport,debit,INR,5,28.0,28.0,0.18928604362309104,monthly_candidate
5696,user_50,education loan instalment,debt_repayment,debit,INR,5,30.5,1.0,0.0,monthly_candidate
5697,user_50,energy provider bill,utilities,debit,INR,5,30.5,1.0,0.039965472806166136,monthly_candidate
5698,user_50,family healthcare expense,healthcare,debit,INR,5,30.5,1.0,0.0596349821435926,monthly_candidate
5699,user_50,family support payment,family_support,debit,INR,5,30.5,1.0,0.0,monthly_candidate
5700,user_50,fresh food shop,groceries,debit,INR,5,28.0,29.75,0.10302385498659528,monthly_candidate
5702,user_50,grocery delivery,groceries,debit,INR,4,49.0,3.5,0.1630369598549182,other
5703,user_50,household groceries,groceries,debit,INR,4,49.0,17.5,0.18744378487255742,other
5704,user_50,household shopping,shopping,debit,INR,5,30.5,1.0,0.05380527577988754,monthly_candidate
5708,user_50,monthly rent,rent,debit,INR,6,31.0,1.0,0.0,monthly_candidate
5710,user_50,primary household salary,salary,credit,INR,5,30.5,1.0,0.0,monthly_candidate
5711,user_50,second household income,salary,credit,INR,4,31.0,0.5,0.1374853296224042,monthly_candidate
5712,user_50,supermarket basket,groceries,debit,INR,4,21.0,14.0,0.2338985994238111,other
5716,user_51,bulk pantry shop,groceries,debit,IDR,4,35.0,35.0,0.1383925738617742,other
5719,user_51,delivery platform payout,salary,credit,IDR,8,14.0,11.5,0.2175976483602645,other
5720,user_51,driver platform payout,salary,credit,IDR,4,14.0,35.5,0.16070689001734606,other
5722,user_51,food delivery membership,delivery_membership,debit,IDR,5,30.5,1.0,0.0,monthly_candidate
5724,user_51,fuel refill,transport,debit,IDR,4,21.0,21.0,0.16483505335986864,other
5725,user_51,grocery delivery,groceries,debit,IDR,6,21.0,28.0,0.15955501381624393,other
5726,user_51,gym membership,gym,debit,IDR,5,30.5,1.0,0.0,monthly_candidate
5728,user_51,local market purchase,groceries,debit,IDR,4,42.0,21.0,0.10357527059826728,other
5729,user_51,local taxi,transport,debit,IDR,4,21.0,17.5,0.16026720863135255,other
5732,user_51,monthly entertainment spend,entertainment,debit,IDR,5,30.5,1.0,0.024836283108577564,monthly_candidate
5733,user_51,music subscription,music_subscription,debit,IDR,5,30.5,1.0,0.0,monthly_candidate
5734,user_51,neighbourhood grocer,groceries,debit,IDR,4,21.0,21.0,0.12410580588547968,other
5736,user_51,parking and tolls,transport,debit,IDR,4,21.0,7.0,0.16599532463874508,other
5739,user_51,residential rent payment,rent,debit,IDR,5,30.5,1.0,0.0,monthly_candidate
5743,user_51,task marketplace payout,salary,credit,IDR,5,20.0,23.0,0.2591690782206354,other
5744,user_51,vehicle charging,transport,debit,IDR,4,35.0,10.5,0.1973253370126041,other
5745,user_51,water and power payment,utilities,debit,IDR,5,30.5,1.0,0.06395634581325083,monthly_candidate
5746,user_51,weekend food delivery,dining,debit,IDR,4,14.0,56.0,0.07848738870160007,other
5753,user_52,grocery delivery,groceries,debit,INR,4,42.0,35.0,0.2129103085910265,other
5755,user_52,household utility payment,utilities,debit,INR,5,30.5,1.25,0.054055351484129016,monthly_candidate
5756,user_52,loan repayment,debt_repayment,debit,INR,5,30.5,1.25,0.0,monthly_candidate
5760,user_52,monthly rent,rent,debit,INR,6,31.0,1.0,0.0,monthly_candidate
5761,user_52,music service subscription,music_subscription,debit,INR,5,30.5,1.25,0.0,monthly_candidate
5764,user_52,previous employer payroll,salary,credit,INR,4,31.0,1.0,0.0,monthly_candidate
5771,user_52,weekend food delivery,dining,debit,INR,4,21.0,10.5,0.1560812076301488,other
5774,user_53,bulk pantry shop,groceries,debit,USD,5,17.5,17.5,0.15848195727584635,other
5776,user_53,commuter pass,transport,debit,USD,4,42.0,14.0,0.09456604158305683,other
5777,user_53,delivery service plan,delivery_membership,debit,USD,5,30.5,1.0,0.0,monthly_candidate
5779,user_53,fresh food shop,groceries,debit,USD,6,28.0,21.0,0.18867567295803048,monthly_candidate
5784,user_53,local taxi,transport,debit,USD,6,21.0,21.0,0.06192321844090311,other
5787,user_53,music subscription,music_subscription,debit,USD,5,30.5,1.0,0.0,monthly_candidate
5790,user_53,payroll credit,salary,credit,USD,5,30.5,1.0,0.0,monthly_candidate
5792,user_53,rail pass,transport,debit,USD,6,35.0,35.0,0.17149703265262534,other
5793,user_53,residential rent payment,rent,debit,USD,6,31.0,1.0,0.0,monthly_candidate
5795,user_53,school fee payment,education,debit,USD,5,30.5,1.0,0.0,monthly_candidate
5799,user_53,vehicle loan payment,debt_repayment,debit,USD,5,30.5,1.0,0.0,monthly_candidate
5800,user_53,water and power payment,utilities,debit,USD,6,31.0,1.0,0.06065988890852281,monthly_candidate
5801,user_53,weekend food delivery,dining,debit,USD,4,42.0,42.0,0.16139694311949956,other
5802,user_53,weekly produce market,groceries,debit,USD,6,7.0,21.0,0.07115926214333954,weekly_candidate
5805,user_54,clinic payment,healthcare,debit,ZAR,5,30.5,1.5,0.04540609275961662,monthly_candidate
5809,user_54,fresh food shop,groceries,debit,ZAR,4,40.0,20.0,0.17995225087850034,other
5812,user_54,home association fee,housing,debit,ZAR,5,30.5,1.5,0.0,monthly_candidate
5814,user_54,household utility payment,utilities,debit,ZAR,5,30.5,1.5,0.05760442284005212,monthly_candidate
5821,user_54,payroll credit,salary,credit,ZAR,5,30.5,1.5,0.0,monthly_candidate
5824,user_54,supermarket basket,groceries,debit,ZAR,4,30.0,10.0,0.13958211249395355,monthly_candidate
5827,user_54,vehicle insurance premium,insurance,debit,ZAR,5,30.5,1.5,0.0,monthly_candidate
5828,user_54,video streaming plan,streaming,debit,ZAR,5,30.5,1.5,0.0,monthly_candidate
5831,user_55,apartment rent transfer,rent,debit,INR,6,31.0,1.0,0.0,monthly_candidate
5835,user_55,commuter pass,transport,debit,INR,7,21.0,24.5,0.1944290414555142,other
5837,user_55,family streaming plan,streaming,debit,INR,5,30.5,1.5,0.0,monthly_candidate
5838,user_55,fresh food shop,groceries,debit,INR,5,24.5,17.5,0.1927194048503126,other
5840,user_55,household groceries,groceries,debit,INR,4,49.0,28.0,0.15092432663137534,other
5845,user_55,neighbourhood grocer,groceries,debit,INR,4,7.0,38.5,0.20706849845169756,weekly_candidate
5847,user_55,online backup subscription,cloud_storage,debit,INR,5,30.5,1.5,0.0,monthly_candidate
5848,user_55,online retail purchases,shopping,debit,INR,5,30.5,1.5,0.06302172474610303,monthly_candidate
5850,user_55,payroll credit,salary,credit,INR,5,30.5,1.5,0.0,monthly_candidate
5851,user_55,personal loan payment,debt_repayment,debit,INR,5,30.5,1.5,0.0,monthly_candidate
5852,user_55,quick-service meal,dining,debit,INR,4,42.0,42.0,0.04088792928536822,other
5854,user_55,ride-hailing trip,transport,debit,INR,5,21.0,26.25,0.07175783667002479,other
5857,user_55,water and power payment,utilities,debit,INR,5,30.5,1.5,0.06336244951304296,monthly_candidate
5861,user_56,bulk pantry shop,groceries,debit,USD,5,25.0,15.0,0.1279812195012259,other
5862,user_56,cinema and events,entertainment,debit,USD,5,30.5,1.0,0.04603185261313163,monthly_candidate
5863,user_56,cloud storage plan,cloud_storage,debit,USD,5,30.5,1.0,0.0,monthly_candidate
5866,user_56,diagnostic test,healthcare,debit,USD,5,30.5,1.0,0.05471906500632942,monthly_candidate
5867,user_56,electricity bill,utilities,debit,USD,5,30.5,1.0,0.07606839130986533,monthly_candidate
5870,user_56,home association fee,housing,debit,USD,6,31.0,1.0,0.0,monthly_candidate
5872,user_56,insurance policy payment,insurance,debit,USD,5,30.5,1.0,0.0,monthly_candidate
5879,user_56,payroll credit,salary,credit,USD,5,30.5,1.0,0.0,monthly_candidate
5880,user_56,professional training fee,education,debit,USD,5,30.5,1.0,0.0,monthly_candidate
5890,user_57,clothing and household items,shopping,debit,ZAR,5,30.5,1.5,0.09576095685450851,monthly_candidate
5891,user_57,cloud storage plan,cloud_storage,debit,ZAR,5,30.5,1.5,0.0,monthly_candidate
5894,user_57,electricity and water bill,utilities,debit,ZAR,5,30.5,1.5,0.053907135227963456,monthly_candidate
5902,user_57,monthly rent,rent,debit,ZAR,6,31.0,1.0,0.0,monthly_candidate
5906,user_57,payroll credit,salary,credit,ZAR,5,30.5,1.5,0.0,monthly_candidate
5909,user_57,supermarket basket,groceries,debit,ZAR,5,20.0,22.5,0.12586952323706144,other
5912,user_57,video streaming plan,streaming,debit,ZAR,5,30.5,1.5,0.0,monthly_candidate
5917,user_58,community fitness plan,gym,debit,IDR,5,31.0,0.25,0.0,monthly_candidate
5920,user_58,food delivery membership,delivery_membership,debit,IDR,5,31.0,0.25,0.0,monthly_candidate
5921,user_58,fresh food shop,groceries,debit,IDR,4,35.0,3.5,0.04815481391437529,other
5925,user_58,landlord standing order,rent,debit,IDR,6,31.0,1.0,0.0,monthly_candidate
5926,user_58,local market purchase,groceries,debit,IDR,5,21.0,24.5,0.09260063230390697,other
5927,user_58,local taxi,transport,debit,IDR,5,21.0,38.5,0.17567681955442357,other
5929,user_58,monthly entertainment spend,entertainment,debit,IDR,5,31.0,0.25,0.07164606327783576,monthly_candidate
5930,user_58,municipal utilities,utilities,debit,IDR,5,31.0,0.25,0.07181211590439272,monthly_candidate
5931,user_58,music subscription,music_subscription,debit,IDR,5,31.0,0.25,0.0,monthly_candidate
5933,user_58,neighbourhood restaurant,dining,debit,IDR,4,14.0,21.0,0.16099774388138716,other
5935,user_58,primary household salary,salary,credit,IDR,5,31.0,0.25,0.0,monthly_candidate
5937,user_58,rail pass,transport,debit,IDR,6,14.0,7.0,0.2051158546827246,other
5938,user_58,ride-hailing trip,transport,debit,IDR,5,17.5,8.75,0.15750498578844643,other
5939,user_58,second household income,salary,credit,IDR,4,31.0,0.5,0.08048868750515202,monthly_candidate
5944,user_58,weekly produce market,groceries,debit,IDR,7,21.0,29.75,0.20385125301416293,other
5949,user_59,delivery platform payout,salary,credit,INR,4,31.0,17.5,0.2331760126180052,monthly_candidate
5950,user_59,delivery service plan,delivery_membership,debit,INR,5,31.0,0.75,0.0,monthly_candidate
5952,user_59,electricity and water bill,utilities,debit,INR,5,31.0,0.75,0.05514427265717642,monthly_candidate
5954,user_59,fitness club membership,gym,debit,INR,5,31.0,0.75,0.0,monthly_candidate
5957,user_59,grocery delivery,groceries,debit,INR,4,42.0,49.0,0.07120659211778446,other
5959,user_59,local market purchase,groceries,debit,INR,6,28.0,14.0,0.13530374793307343,monthly_candidate
5962,user_59,monthly entertainment spend,entertainment,debit,INR,5,31.0,0.75,0.041450999326728584,monthly_candidate
5963,user_59,monthly rent,rent,debit,INR,5,31.0,0.75,0.0,monthly_candidate
5964,user_59,music subscription,music_subscription,debit,INR,5,31.0,0.75,0.0,monthly_candidate
5966,user_59,neighbourhood restaurant,dining,debit,INR,5,42.0,10.5,0.10049778284119591,other
5967,user_59,parking and tolls,transport,debit,INR,4,21.0,3.5,0.10926135527916404,other
5970,user_59,ride-hailing trip,transport,debit,INR,4,42.0,35.0,0.06932634904237828,other
5972,user_59,task marketplace payout,salary,credit,INR,5,22.5,24.0,0.17247510802545557,other
5973,user_59,vehicle charging,transport,debit,INR,7,10.5,12.25,0.18238453705827873,other
5975,user_59,weekly app earnings,salary,credit,INR,8,17.0,12.0,0.22386248055904837,other
5976,user_59,weekly produce market,groceries,debit,INR,4,42.0,24.5,0.05936940930044983,other
5977,user_60,apartment rent transfer,rent,debit,USD,6,31.0,1.0,1.161017542091667e-16,monthly_candidate
5980,user_60,clothing and household items,shopping,debit,USD,5,30.5,1.0,0.08111146385732126,monthly_candidate
5982,user_60,commuter pass,transport,debit,USD,6,25.0,30.0,0.17225310781050093,other
5983,user_60,electricity and water bill,utilities,debit,USD,6,31.0,1.0,0.07307375215329615,monthly_candidate
5984,user_60,family dinner,dining,debit,USD,6,35.0,21.0,0.18349536091823845,other
5985,user_60,fresh food shop,groceries,debit,USD,4,20.0,10.0,0.06874768792843175,other
5986,user_60,fuel refill,transport,debit,USD,5,37.5,27.5,0.12377386881941334,other
5989,user_60,household insurance,insurance,debit,USD,5,30.5,1.0,0.0,monthly_candidate
5990,user_60,local event tickets,entertainment,debit,USD,5,30.5,1.0,0.07270200780022808,monthly_candidate
5992,user_60,local taxi,transport,debit,USD,4,25.0,45.0,0.10032301251040905,other
5996,user_60,neighbourhood restaurant,dining,debit,USD,5,24.5,22.75,0.11794010284636192,other
5997,user_60,online backup subscription,cloud_storage,debit,USD,5,30.5,1.0,0.0,monthly_candidate
5998,user_60,parking and tolls,transport,debit,USD,6,30.0,15.0,0.09027480320700491,monthly_candidate
5999,user_60,payroll credit,salary,credit,USD,5,30.5,1.0,0.1978021978021978,monthly_candidate
6001,user_60,rail pass,transport,debit,USD,5,17.5,36.25,0.1799321913014825,other
6005,user_60,vehicle charging,transport,debit,USD,6,10.0,35.0,0.13588461591840886,other
6006,user_60,video streaming plan,streaming,debit,USD,5,30.5,1.0,0.0,monthly_candidate
6008,user_60,weekly produce market,groceries,debit,USD,4,20.0,40.0,0.1304826561225868,other
6011,user_61,credit card repayment,debt_repayment,debit,ZAR,5,31.0,0.25,0.0,monthly_candidate
6015,user_61,grocery delivery,groceries,debit,ZAR,5,42.0,10.5,0.07423218267471719,other
6017,user_61,household utility payment,utilities,debit,ZAR,5,31.0,0.25,0.06090929950830619,monthly_candidate
6018,user_61,landlord standing order,rent,debit,ZAR,6,31.0,1.0,0.0,monthly_candidate
6022,user_61,music service subscription,music_subscription,debit,ZAR,5,31.0,0.25,0.0,monthly_candidate
6032,user_62,bulk pantry shop,groceries,debit,USD,5,15.0,25.0,0.18733341388699043,other
6034,user_62,clothing and household items,shopping,debit,USD,5,30.5,1.0,0.07987229587211447,monthly_candidate
6038,user_62,energy provider bill,utilities,debit,USD,5,30.5,1.0,0.0633233355666742,monthly_candidate
6047,user_62,monthly rent,rent,debit,USD,6,31.0,1.0,0.0,monthly_candidate
6050,user_62,online backup subscription,cloud_storage,debit,USD,5,30.5,1.0,0.0,monthly_candidate
6055,user_62,streaming subscription,streaming,debit,USD,5,30.5,1.0,0.0,monthly_candidate
6060,user_63,bakery and snacks,dining,debit,INR,4,28.0,14.0,0.1531043803739548,monthly_candidate
6061,user_63,bulk pantry shop,groceries,debit,INR,5,20.0,22.5,0.10841188478267237,other
6062,user_63,clothing and household items,shopping,debit,INR,5,30.5,1.5,0.029076982745572248,monthly_candidate
6063,user_63,coffee shop,dining,debit,INR,5,24.5,10.5,0.13835889405031507,other
6064,user_63,commuter pass,transport,debit,INR,4,15.0,20.0,0.1484206762820447,other
6066,user_63,family streaming plan,streaming,debit,INR,5,30.5,1.5,0.0,monthly_candidate
6068,user_63,fuel refill,transport,debit,INR,6,15.0,25.0,0.16023750601884304,other
6069,user_63,games and recreation,entertainment,debit,INR,5,30.5,1.5,0.050909166454663486,monthly_candidate
6071,user_63,household groceries,groceries,debit,INR,4,30.0,20.0,0.15358105061054284,monthly_candidate
6072,user_63,insurance policy payment,insurance,debit,INR,5,30.5,1.5,0.0,monthly_candidate
6076,user_63,metro and bus fares,transport,debit,INR,6,30.0,25.0,0.21855659488668147,monthly_candidate
6077,user_63,monthly rent,rent,debit,INR,6,30.0,1.0,0.0,monthly_candidate
6080,user_63,online backup subscription,cloud_storage,debit,INR,5,30.5,1.5,0.0,monthly_candidate
6081,user_63,parking and tolls,transport,debit,INR,6,25.0,10.0,0.14253187049367733,other
6082,user_63,payroll credit,salary,credit,USD,5,30.5,1.5,0.0,monthly_candidate
6087,user_63,takeaway order,dining,debit,INR,4,35.0,21.0,0.10198734667560783,other
6088,user_63,vehicle charging,transport,debit,INR,5,27.5,17.5,0.17841011333610018,other
6089,user_63,water and power payment,utilities,debit,INR,5,30.5,1.5,0.061013521131695114,monthly_candidate
6092,user_64,bakery and snacks,dining,debit,INR,7,21.0,5.25,0.18219248264450147,other
6096,user_64,family dinner,dining,debit,INR,4,21.0,17.5,0.09314596008491487,other
6097,user_64,family streaming plan,streaming,debit,INR,5,30.5,1.25,0.0,monthly_candidate
6098,user_64,fresh food shop,groceries,debit,INR,4,30.0,20.0,0.22060123864755873,monthly_candidate
6102,user_64,household shopping,shopping,debit,INR,5,30.5,1.25,0.08022893033164612,monthly_candidate
6103,user_64,household utility payment,utilities,debit,INR,5,30.5,1.25,0.07774213828788604,monthly_candidate
6104,user_64,insurance policy payment,insurance,debit,INR,5,30.5,1.25,0.0,monthly_candidate
6105,user_64,landlord standing order,rent,debit,INR,6,31.0,1.0,0.0,monthly_candidate
6109,user_64,metro and bus fares,transport,debit,INR,8,10.0,10.0,0.13901620962108402,other
6110,user_64,neighbourhood grocer,groceries,debit,INR,4,50.0,15.0,0.1601713395680713,other
6112,user_64,online backup subscription,cloud_storage,debit,INR,5,30.5,1.25,0.0,monthly_candidate
6113,user_64,parking and tolls,transport,debit,INR,7,12.5,16.25,0.14263085361532515,other
6114,user_64,payroll credit,salary,credit,USD,5,30.5,1.25,0.0,monthly_candidate
6115,user_64,quick-service meal,dining,debit,INR,4,21.0,0.0,0.2054923059115817,other
6120,user_64,vehicle charging,transport,debit,INR,8,15.0,12.5,0.14746102552821846,other
6121,user_64,weekend entertainment,entertainment,debit,INR,5,30.5,1.25,0.020223751809333744,monthly_candidate
6124,user_65,cinema and events,entertainment,debit,ZAR,5,30.5,1.0,0.07373290857790783,monthly_candidate
6127,user_65,electricity and water bill,utilities,debit,ZAR,5,30.5,1.0,0.04258403154241836,monthly_candidate
6128,user_65,family dinner,dining,debit,ZAR,4,21.0,0.0,0.15116291817481117,other
6129,user_65,fresh food shop,groceries,debit,ZAR,4,30.0,10.0,0.16435862946000246,monthly_candidate
6131,user_65,grocery delivery,groceries,debit,ZAR,5,30.0,22.5,0.12988373188937669,monthly_candidate
6132,user_65,home association fee,housing,debit,ZAR,6,31.0,1.0,0.0,monthly_candidate
6134,user_65,insurance policy payment,insurance,debit,ZAR,5,30.5,1.0,0.0,monthly_candidate
6141,user_65,payroll credit,salary,credit,ZAR,5,30.5,1.0,0.0,monthly_candidate
6142,user_65,professional training fee,education,debit,ZAR,5,30.5,1.0,0.0,monthly_candidate
6146,user_65,shared storage plan,cloud_storage,debit,ZAR,5,30.5,1.0,0.0,monthly_candidate
6149,user_65,therapy appointment,healthcare,debit,ZAR,5,30.5,1.0,0.04787168446556007,monthly_candidate
6153,user_66,apartment rent transfer,rent,debit,INR,5,30.5,1.5,0.0,monthly_candidate
6156,user_66,bulk pantry shop,groceries,debit,INR,4,30.0,20.0,0.11211826617801696,monthly_candidate
6158,user_66,cloud storage plan,cloud_storage,debit,INR,5,30.5,1.5,0.0,monthly_candidate
6160,user_66,consulting invoice payment,salary,credit,INR,4,31.0,1.5,0.2459252549262783,monthly_candidate
6169,user_66,municipal utilities,utilities,debit,INR,5,30.5,1.5,0.07637987622356539,monthly_candidate
6171,user_66,neighbourhood restaurant,dining,debit,INR,4,63.0,21.0,0.06821654697394171,other
6172,user_66,online retail purchases,shopping,debit,INR,5,30.5,1.5,0.04226264339402456,monthly_candidate
6178,user_66,video streaming plan,streaming,debit,INR,5,30.5,1.5,0.0,monthly_candidate
6185,user_67,community fitness plan,gym,debit,USD,5,30.5,1.0,0.0,monthly_candidate
6187,user_67,delivery service plan,delivery_membership,debit,USD,5,30.5,1.0,0.0,monthly_candidate
6188,user_67,electricity and water bill,utilities,debit,USD,5,30.5,1.0,0.06433584494429036,monthly_candidate
6189,user_67,family dinner,dining,debit,USD,4,28.0,35.0,0.0747601109068971,monthly_candidate
6191,user_67,games and recreation,entertainment,debit,USD,5,30.5,1.0,0.02193462216569281,monthly_candidate
6192,user_67,grocery delivery,groceries,debit,USD,4,14.0,7.0,0.0609692417933165,other
6197,user_67,metro and bus fares,transport,debit,USD,6,7.0,7.0,0.11994897353418844,weekly_candidate
6198,user_67,monthly rent,rent,debit,USD,6,31.0,1.0,2.2083690311114222e-16,monthly_candidate
6199,user_67,music service subscription,music_subscription,debit,USD,5,30.5,1.0,0.0,monthly_candidate
6203,user_67,payroll credit,salary,credit,USD,5,30.5,1.0,0.15447232612146167,monthly_candidate
6204,user_67,rail pass,transport,debit,USD,5,35.0,21.0,0.1506462218433899,other
6209,user_67,vehicle charging,transport,debit,USD,8,28.0,14.0,0.18108695485570678,monthly_candidate
6211,user_68,apartment rent transfer,rent,debit,USD,6,31.0,1.0,0.0,monthly_candidate
6213,user_68,childcare contribution,family_support,debit,USD,5,30.5,1.0,0.0,monthly_candidate
6214,user_68,clinic payment,healthcare,debit,USD,5,30.5,1.0,0.03514411926140637,monthly_candidate
6215,user_68,commuter pass,transport,debit,USD,4,42.0,28.0,0.11619068310737357,other
6216,user_68,fresh food shop,groceries,debit,USD,4,28.0,10.5,0.1847426472718613,monthly_candidate
6218,user_68,household groceries,groceries,debit,USD,5,24.5,28.0,0.1428971692497141,other
6219,user_68,household shopping,shopping,debit,USD,5,30.5,1.0,0.06368317507899493,monthly_candidate
6223,user_68,municipal utilities,utilities,debit,USD,6,31.0,1.0,0.09162898146463509,monthly_candidate
6225,user_68,online backup subscription,cloud_storage,debit,USD,5,30.5,1.0,0.0,monthly_candidate
6227,user_68,payroll credit,salary,credit,USD,5,30.5,3.0,0.0,monthly_candidate
6229,user_68,supermarket basket,groceries,debit,USD,5,24.5,36.75,0.1841115230554328,other
6231,user_68,vehicle loan payment,debt_repayment,debit,USD,5,30.5,1.0,0.0,monthly_candidate
6233,user_69,bulk pantry shop,groceries,debit,EUR,6,14.0,42.0,0.12351668826176411,other
6234,user_69,commuter pass,transport,debit,EUR,5,28.0,22.75,0.15541257559271288,monthly_candidate
6235,user_69,credit card repayment,debt_repayment,debit,EUR,5,30.5,1.0,0.0,monthly_candidate
6236,user_69,energy provider bill,utilities,debit,EUR,5,30.5,1.0,0.05998180645120989,monthly_candidate
6238,user_69,family streaming plan,streaming,debit,EUR,5,30.5,1.0,0.0,monthly_candidate
6239,user_69,fresh food shop,groceries,debit,EUR,4,42.0,17.5,0.1857587957887127,other
6242,user_69,local market purchase,groceries,debit,EUR,5,21.0,17.5,0.08337113231672524,other
6246,user_69,monthly rent,rent,debit,EUR,6,31.0,1.0,0.0,monthly_candidate
6249,user_69,online backup subscription,cloud_storage,debit,EUR,5,30.5,1.0,0.0,monthly_candidate
6251,user_69,payroll credit,salary,credit,EUR,5,30.5,1.0,0.0,monthly_candidate
6252,user_69,personal shopping,shopping,debit,EUR,5,30.5,1.0,0.04159159180338597,monthly_candidate
6254,user_69,rail pass,transport,debit,EUR,4,28.0,10.5,0.08294971984776074,monthly_candidate
6255,user_69,ride-hailing trip,transport,debit,EUR,5,31.5,15.75,0.09386442856999297,monthly_candidate
6259,user_69,weekend food delivery,dining,debit,EUR,4,56.0,21.0,0.1395507105551339,other
6260,user_69,weekly produce market,groceries,debit,EUR,6,14.0,7.0,0.12235553725951447,other
6261,user_70,audio streaming plan,music_subscription,debit,INR,5,31.0,0.25,0.0,monthly_candidate
6263,user_70,education loan instalment,debt_repayment,debit,INR,5,31.0,0.25,0.0,monthly_candidate
6264,user_70,electricity bill,utilities,debit,INR,5,31.0,0.25,0.04608431399091846,monthly_candidate
6268,user_70,landlord standing order,rent,debit,INR,6,31.0,1.0,0.0,monthly_candidate
6269,user_70,local market purchase,groceries,debit,INR,4,42.0,7.0,0.1347506923551294,other
6275,user_70,payroll credit,salary,credit,INR,5,31.0,0.25,0.0,monthly_candidate
6281,user_71,apartment rent transfer,rent,debit,IDR,5,31.0,0.75,0.0,monthly_candidate
6284,user_71,cloud storage plan,cloud_storage,debit,IDR,5,31.0,0.75,0.0,monthly_candidate
6285,user_71,coffee shop,dining,debit,IDR,6,21.0,14.0,0.19526155302498588,other
6286,user_71,commuter pass,transport,debit,IDR,4,20.0,10.0,0.12281000097575888,other
6287,user_71,energy provider bill,utilities,debit,IDR,5,31.0,0.75,0.0609746508047197,monthly_candidate
6290,user_71,fuel refill,transport,debit,IDR,6,15.0,20.0,0.19965378304072715,other
6291,user_71,grocery delivery,groceries,debit,IDR,4,30.0,15.0,0.20019125977389388,monthly_candidate
6292,user_71,health insurance premium,insurance,debit,IDR,5,31.0,0.75,0.0,monthly_candidate
6294,user_71,household shopping,shopping,debit,IDR,5,31.0,0.75,0.06559095330523665,monthly_candidate
6295,user_71,international employer payroll,salary,credit,USD,5,31.0,0.75,0.0,monthly_candidate
6297,user_71,local taxi,transport,debit,IDR,4,25.0,52.5,0.10338239223714146,other
6299,user_71,metro and bus fares,transport,debit,IDR,5,10.0,21.25,0.04091953458833225,other
6304,user_71,rail pass,transport,debit,IDR,4,25.0,10.0,0.21243115697208032,other
6305,user_71,ride-hailing trip,transport,debit,IDR,6,25.0,5.0,0.06300237252770026,other
6306,user_71,streaming subscription,streaming,debit,IDR,5,31.0,0.75,0.0,monthly_candidate
6308,user_71,takeaway order,dining,debit,IDR,4,35.0,31.5,0.1680927177572324,other
6309,user_71,vehicle charging,transport,debit,IDR,4,25.0,17.5,0.1723549563776432,other
6310,user_71,weekend entertainment,entertainment,debit,IDR,5,31.0,0.75,0.05298812941632496,monthly_candidate
6312,user_71,weekly produce market,groceries,debit,IDR,5,20.0,25.0,0.09532034422568007,other
6313,user_72,apartment rent transfer,rent,debit,ZAR,6,30.0,1.0,0.0,monthly_candidate
6316,user_72,commuter pass,transport,debit,ZAR,5,38.5,29.75,0.17945078275604812,other
6317,user_72,delivery service plan,delivery_membership,debit,ZAR,5,30.5,1.5,0.0,monthly_candidate
6318,user_72,electricity bill,utilities,debit,ZAR,5,30.5,1.5,0.07319874204431534,monthly_candidate
6323,user_72,grocery delivery,groceries,debit,ZAR,4,28.0,31.5,0.16520691110054064,monthly_candidate
6324,user_72,household groceries,groceries,debit,ZAR,4,42.0,45.5,0.1884380953735617,other
6325,user_72,loan repayment,debt_repayment,debit,ZAR,5,30.5,1.5,0.0,monthly_candidate
6326,user_72,local market purchase,groceries,debit,ZAR,4,35.0,14.0,0.07277238477243099,other
6328,user_72,metro and bus fares,transport,debit,ZAR,4,56.0,17.5,0.12682630716181523,other
6329,user_72,music subscription,music_subscription,debit,ZAR,5,30.5,1.5,0.0,monthly_candidate
6330,user_72,neighbourhood grocer,groceries,debit,ZAR,5,38.5,28.0,0.1669503067037858,other
6331,user_72,neighbourhood restaurant,dining,debit,ZAR,4,42.0,35.0,0.11205307538551931,other
6333,user_72,professional training fee,education,debit,ZAR,5,30.5,1.5,0.0,monthly_candidate
6337,user_72,takeaway order,dining,debit,ZAR,4,56.0,21.0,0.11305883775750383,other
6342,user_73,bulk pantry shop,groceries,debit,INR,4,42.0,17.5,0.09902649920091823,other
6344,user_73,cloud storage plan,cloud_storage,debit,INR,6,31.0,1.0,0.0,monthly_candidate
6347,user_73,education loan instalment,debt_repayment,debit,INR,6,31.0,1.0,0.0,monthly_candidate
6356,user_73,municipal utilities,utilities,debit,INR,6,31.0,1.0,0.08877160646128468,monthly_candidate
6359,user_73,online retail purchases,shopping,debit,INR,6,31.0,1.0,0.05329572897886228,monthly_candidate
6361,user_73,payroll credit,salary,credit,INR,6,31.0,1.0,0.0,monthly_candidate
6363,user_73,rail pass,transport,debit,INR,5,28.0,29.75,0.11823774925260912,monthly_candidate
6364,user_73,residential rent payment,rent,debit,INR,6,31.0,1.0,0.0,monthly_candidate
6367,user_73,streaming subscription,streaming,debit,INR,6,31.0,1.0,0.0,monthly_candidate
6368,user_73,supermarket basket,groceries,debit,INR,9,14.0,14.0,0.11277726730213186,other
6370,user_73,vehicle charging,transport,debit,INR,5,17.5,29.75,0.09355141254231059,other
6380,user_74,electricity and water bill,utilities,debit,ZAR,5,30.5,1.0,0.06364788938667817,monthly_candidate
6381,user_74,family streaming plan,streaming,debit,ZAR,5,30.5,1.0,0.0,monthly_candidate
6385,user_74,household groceries,groceries,debit,ZAR,4,30.0,25.0,0.15474563522220064,monthly_candidate
6390,user_74,neighbourhood grocer,groceries,debit,ZAR,4,20.0,20.0,0.1675745018329724,other
6392,user_74,online retail purchases,shopping,debit,ZAR,5,30.5,1.0,0.051352350364434814,monthly_candidate
6396,user_74,shared housing rent,rent,debit,ZAR,6,31.0,1.0,0.0,monthly_candidate
6397,user_74,shared storage plan,cloud_storage,debit,ZAR,5,30.5,1.0,0.0,monthly_candidate
6403,user_75,bulk pantry shop,groceries,debit,ZAR,7,25.0,17.5,0.1405668137504246,other
6406,user_75,family streaming plan,streaming,debit,ZAR,5,30.5,1.5,0.0,monthly_candidate
6415,user_75,online retail purchases,shopping,debit,ZAR,5,30.5,1.5,0.06730889980177206,monthly_candidate
6417,user_75,payroll credit,salary,credit,ZAR,4,31.0,0.5,0.0,monthly_candidate
6418,user_75,quick-service meal,dining,debit,ZAR,4,21.0,21.0,0.16534485117586606,other
6420,user_75,shared housing rent,rent,debit,ZAR,6,31.0,1.0,0.0,monthly_candidate
6421,user_75,shared storage plan,cloud_storage,debit,ZAR,5,30.5,1.5,0.0,monthly_candidate
6424,user_75,water and power payment,utilities,debit,ZAR,5,30.5,1.5,0.07513387105649354,monthly_candidate
6426,user_75,weekly produce market,groceries,debit,ZAR,4,30.0,25.0,0.11016573825461276,monthly_candidate
6429,user_76,base salary,salary,credit,USD,5,30.5,1.25,0.0,monthly_candidate
6434,user_76,fitness club membership,gym,debit,USD,5,30.5,1.25,0.0,monthly_candidate
6435,user_76,food delivery membership,delivery_membership,debit,USD,5,30.5,1.25,0.0,monthly_candidate
6436,user_76,fresh food shop,groceries,debit,USD,5,24.5,10.5,0.20783170585328725,other
6438,user_76,games and recreation,entertainment,debit,USD,5,30.5,1.25,0.07481160687023608,monthly_candidate
6441,user_76,household utility payment,utilities,debit,USD,5,30.5,1.25,0.05456818558353416,monthly_candidate
6445,user_76,metro and bus fares,transport,debit,USD,7,21.0,24.5,0.1851230684330667,other
6447,user_76,music subscription,music_subscription,debit,USD,5,30.5,1.25,0.0,monthly_candidate
6448,user_76,neighbourhood grocer,groceries,debit,USD,4,63.0,38.5,0.1445150592568978,other
6452,user_76,rail pass,transport,debit,USD,6,7.0,14.0,0.13330680881834775,weekly_candidate
6454,user_76,shared housing rent,rent,debit,USD,6,31.0,1.0,1.636252701807945e-16,monthly_candidate
6455,user_76,supermarket basket,groceries,debit,USD,5,28.0,15.75,0.06188809828031915,monthly_candidate
6459,user_77,apartment rent transfer,rent,debit,INR,6,31.0,1.0,0.0,monthly_candidate
6460,user_77,bulk pantry shop,groceries,debit,INR,4,28.0,42.0,0.12337402349927652,monthly_candidate
6461,user_77,childcare contribution,family_support,debit,INR,5,30.5,1.0,0.0,monthly_candidate
6462,user_77,clothing and household items,shopping,debit,INR,5,30.5,1.0,0.07629256035763239,monthly_candidate
6464,user_77,family healthcare expense,healthcare,debit,INR,5,30.5,1.0,0.06912171507543269,monthly_candidate
6467,user_77,grocery delivery,groceries,debit,INR,5,31.5,15.75,0.13094996634512657,monthly_candidate
6469,user_77,household utility payment,utilities,debit,INR,5,30.5,1.0,0.04398248441419168,monthly_candidate
6470,user_77,local market purchase,groceries,debit,INR,5,10.5,28.0,0.11020203086635443,other
6474,user_77,online backup subscription,cloud_storage,debit,INR,5,30.5,1.0,0.0,monthly_candidate
6476,user_77,payroll credit,salary,credit,INR,5,30.5,1.0,0.0,monthly_candidate
6482,user_77,vehicle loan payment,debt_repayment,debit,INR,5,30.5,1.0,0.0,monthly_candidate
6483,user_77,weekly produce market,groceries,debit,INR,4,42.0,21.0,0.2113967418712567,other
6484,user_78,bakery and snacks,dining,debit,INR,5,38.5,33.25,0.1965373654611058,other
6485,user_78,coffee shop,dining,debit,INR,4,21.0,31.5,0.1065474555194757,other
6486,user_78,commuter pass,transport,debit,INR,5,30.0,23.75,0.15099316213451341,monthly_candidate
6491,user_78,household insurance,insurance,debit,INR,5,31.0,0.25,0.0,monthly_candidate
6492,user_78,household utility payment,utilities,debit,INR,5,31.0,0.25,0.06849056890378308,monthly_candidate
6495,user_78,local market purchase,groceries,debit,INR,4,40.0,55.0,0.18674074370040322,other
6499,user_78,monthly shopping spend,shopping,debit,INR,5,31.0,0.25,0.05756999108369986,monthly_candidate
6502,user_78,parking and tolls,transport,debit,INR,5,17.5,28.75,0.05235555492797254,other
6503,user_78,payroll credit,salary,credit,INR,5,31.0,0.25,0.0,monthly_candidate
6504,user_78,quick-service meal,dining,debit,INR,4,14.0,7.0,0.08179495651546972,other
6505,user_78,rail pass,transport,debit,INR,6,30.0,20.0,0.18232477611179548,monthly_candidate
6506,user_78,ride-hailing trip,transport,debit,INR,8,20.0,20.0,0.16249088979080503,other
6507,user_78,shared housing rent,rent,debit,INR,5,31.0,0.25,0.0,monthly_candidate
6508,user_78,shared storage plan,cloud_storage,debit,INR,5,31.0,0.25,0.0,monthly_candidate
6510,user_78,takeaway order,dining,debit,INR,4,28.0,14.0,0.0649443822911724,monthly_candidate
6513,user_78,video streaming plan,streaming,debit,INR,5,31.0,0.25,0.0,monthly_candidate
6514,user_78,weekend entertainment,entertainment,debit,INR,5,31.0,0.25,0.052707776185375046,monthly_candidate
6516,user_78,weekly produce market,groceries,debit,INR,5,25.0,30.0,0.1914499060390911,other
6519,user_79,cinema and events,entertainment,debit,EUR,5,30.5,1.0,0.07221080116302095,monthly_candidate
6521,user_79,commuter pass,transport,debit,EUR,4,20.0,40.0,0.13096196137375724,other
6522,user_79,energy provider bill,utilities,debit,EUR,5,30.5,1.0,0.06435741736039792,monthly_candidate
6523,user_79,family dinner,dining,debit,EUR,4,28.0,14.0,0.0857000496197614,monthly_candidate
6525,user_79,fuel refill,transport,debit,EUR,10,15.0,20.0,0.15673508702888528,other
6527,user_79,household groceries,groceries,debit,EUR,4,40.0,10.0,0.0898896821220292,other
6528,user_79,insurance policy payment,insurance,debit,EUR,5,30.5,1.0,0.0,monthly_candidate
6530,user_79,local taxi,transport,debit,EUR,4,30.0,15.0,0.14710496910969711,monthly_candidate
6533,user_79,monthly rent,rent,debit,EUR,5,30.5,1.0,0.0,monthly_candidate
6537,user_79,payroll credit,salary,credit,USD,5,30.5,1.0,0.0,monthly_candidate
6538,user_79,personal shopping,shopping,debit,EUR,5,30.5,1.0,0.04055886863078805,monthly_candidate
6539,user_79,quick-service meal,dining,debit,EUR,4,42.0,45.5,0.2072172495966363,other
6541,user_79,ride-hailing trip,transport,debit,EUR,5,15.0,15.0,0.1345276164477384,other
6542,user_79,shared storage plan,cloud_storage,debit,EUR,5,30.5,1.0,0.0,monthly_candidate
6543,user_79,supermarket basket,groceries,debit,EUR,4,20.0,5.0,0.11516383532402266,other
6544,user_79,takeaway order,dining,debit,EUR,5,35.0,3.5,0.21846489444826359,other
6545,user_79,vehicle charging,transport,debit,EUR,6,10.0,20.0,0.1662023499926695,other
6546,user_79,video streaming plan,streaming,debit,EUR,5,30.5,1.0,0.0,monthly_candidate
6551,user_80,base salary,salary,credit,INR,5,30.5,1.0,0.0,monthly_candidate
6553,user_80,commuter pass,transport,debit,INR,4,70.0,38.5,0.15181439795800314,other
6554,user_80,delivery service plan,delivery_membership,debit,INR,5,30.5,1.0,0.0,monthly_candidate
6555,user_80,electricity bill,utilities,debit,INR,6,31.0,1.0,0.070376880433697,monthly_candidate
6557,user_80,fuel refill,transport,debit,INR,4,35.0,14.0,0.1245652869102813,other
6559,user_80,household groceries,groceries,debit,INR,5,35.0,35.0,0.11780157630292608,other
6563,user_80,metro and bus fares,transport,debit,INR,4,21.0,31.5,0.15345516836618703,other
6565,user_80,music service subscription,music_subscription,debit,INR,5,30.5,1.0,0.0,monthly_candidate
6570,user_80,personal loan payment,debt_repayment,debit,INR,5,30.5,1.0,0.0,monthly_candidate
6573,user_80,residential rent payment,rent,debit,INR,6,31.0,1.0,0.0,monthly_candidate
6574,user_80,ride-hailing trip,transport,debit,INR,5,21.0,26.25,0.12711851589747086,other
6575,user_80,school fee payment,education,debit,INR,5,30.5,1.0,0.0,monthly_candidate
6576,user_80,supermarket basket,groceries,debit,INR,10,7.0,14.0,0.14724976514195698,weekly_candidate
6579,user_80,weekend food delivery,dining,debit,INR,4,14.0,42.0,0.18755290904882765,other
6581,user_81,apartment rent transfer,rent,debit,USD,6,30.0,1.0,0.0,monthly_candidate
6584,user_81,clothing and household items,shopping,debit,USD,5,30.5,1.5,0.0666566617670071,monthly_candidate
6587,user_81,credit card repayment,debt_repayment,debit,USD,5,30.5,1.5,0.0,monthly_candidate
6588,user_81,electricity bill,utilities,debit,USD,5,30.5,1.5,0.06816735257223963,monthly_candidate
6590,user_81,fresh food shop,groceries,debit,USD,5,28.0,43.75,0.09263757098573887,monthly_candidate
6591,user_81,fuel refill,transport,debit,USD,4,14.0,10.5,0.18265612265078807,other
6592,user_81,grocery delivery,groceries,debit,USD,4,28.0,17.5,0.16092886108692864,monthly_candidate
6595,user_81,local taxi,transport,debit,USD,4,7.0,14.0,0.06332135602006542,weekly_candidate
6599,user_81,online backup subscription,cloud_storage,debit,USD,5,30.5,1.5,0.0,monthly_candidate
6600,user_81,payroll credit,salary,credit,USD,5,30.5,1.5,0.0,monthly_candidate
6603,user_81,ride-hailing trip,transport,debit,USD,5,21.0,42.0,0.09808377797808426,other
6604,user_81,streaming subscription,streaming,debit,USD,5,30.5,1.5,0.0,monthly_candidate
6605,user_81,supermarket basket,groceries,debit,USD,6,21.0,21.0,0.16848811646730175,other
6607,user_81,vehicle charging,transport,debit,USD,6,28.0,21.0,0.13030223335771163,monthly_candidate
6614,user_82,education loan instalment,debt_repayment,debit,USD,5,31.0,0.25,0.0,monthly_candidate
6616,user_82,family streaming plan,streaming,debit,USD,5,31.0,0.25,0.0,monthly_candidate
6619,user_82,grocery delivery,groceries,debit,USD,5,10.5,24.5,0.11151163812830348,other
6620,user_82,household groceries,groceries,debit,USD,4,35.0,56.0,0.1734130859563531,other
6621,user_82,household utility payment,utilities,debit,USD,5,31.0,0.25,0.04072274297863986,monthly_candidate
6623,user_82,local taxi,transport,debit,USD,4,35.0,24.5,0.08320747518400987,other
6624,user_82,lunch with colleagues,dining,debit,USD,5,35.0,17.5,0.13495436806638053,other
6625,user_82,metro and bus fares,transport,debit,USD,4,28.0,21.0,0.10147496278427413,monthly_candidate
6629,user_82,payroll credit,salary,credit,USD,5,31.0,0.25,0.0,monthly_candidate
6630,user_82,personal shopping,shopping,debit,USD,5,31.0,0.25,0.04420749687061631,monthly_candidate
6633,user_82,rail pass,transport,debit,USD,5,14.0,1.75,0.09491215005614842,other
6634,user_82,ride-hailing trip,transport,debit,USD,4,35.0,17.5,0.23472387105018372,other
6635,user_82,shared housing rent,rent,debit,USD,6,31.0,1.0,1.4014649620514797e-16,monthly_candidate
6636,user_82,shared storage plan,cloud_storage,debit,USD,5,31.0,0.25,0.0,monthly_candidate
6637,user_82,supermarket basket,groceries,debit,USD,5,24.5,35.0,0.18107893074292625,other
6645,user_83,course tuition,education,debit,INR,5,31.0,0.75,0.0,monthly_candidate
6647,user_83,fresh food shop,groceries,debit,INR,5,30.0,5.0,0.15345388930737885,monthly_candidate
6648,user_83,fuel refill,transport,debit,INR,4,56.0,35.0,0.14754477872012298,other
6650,user_83,health insurance premium,insurance,debit,INR,5,31.0,0.75,0.0,monthly_candidate
6651,user_83,home repair reserve,housing,debit,INR,6,31.0,1.0,0.0,monthly_candidate
6653,user_83,local event tickets,entertainment,debit,INR,5,31.0,0.75,0.0717091663048199,monthly_candidate
6654,user_83,local market purchase,groceries,debit,INR,4,20.0,5.0,0.08978799430450918,other
6657,user_83,municipal utilities,utilities,debit,INR,5,31.0,0.75,0.0848950149119379,monthly_candidate
6664,user_83,shared storage plan,cloud_storage,debit,INR,5,31.0,0.75,0.0,monthly_candidate
6666,user_83,therapy appointment,healthcare,debit,INR,5,31.0,0.75,0.03986253428527513,monthly_candidate
6668,user_83,weekly produce market,groceries,debit,INR,4,40.0,10.0,0.10292239766271882,other
6669,user_84,bakery and snacks,dining,debit,INR,6,7.0,35.0,0.1357365151416516,weekly_candidate
6671,user_84,cloud storage plan,cloud_storage,debit,INR,5,30.5,1.5,0.0,monthly_candidate
6673,user_84,commuter pass,transport,debit,INR,4,20.0,40.0,0.10313400586165719,other
6675,user_84,family streaming plan,streaming,debit,INR,5,30.5,1.5,0.0,monthly_candidate
6677,user_84,fuel refill,transport,debit,INR,4,55.0,17.5,0.15003843947308573,other
6678,user_84,games and recreation,entertainment,debit,INR,5,30.5,1.5,0.06770290558765582,monthly_candidate
6680,user_84,household groceries,groceries,debit,INR,7,20.0,35.0,0.1723050115427231,other
6681,user_84,household shopping,shopping,debit,INR,5,30.5,1.5,0.0736713262847903,monthly_candidate
6682,user_84,household utility payment,utilities,debit,INR,5,30.5,1.5,0.06742692325474924,monthly_candidate
6684,user_84,local taxi,transport,debit,INR,5,27.5,13.75,0.1307604566230303,other
6686,user_84,metro and bus fares,transport,debit,INR,4,20.0,20.0,0.09315423474137753,other
6688,user_84,neighbourhood restaurant,dining,debit,INR,4,35.0,14.0,0.032732602076503456,other
6689,user_84,parking and tolls,transport,debit,INR,5,10.0,8.75,0.1500793859302536,other
6690,user_84,payroll credit,salary,credit,USD,5,30.5,1.5,0.0,monthly_candidate
6691,user_84,quick-service meal,dining,debit,INR,4,49.0,10.5,0.03899622504794219,other
6692,user_84,rail pass,transport,debit,INR,4,35.0,47.5,0.13540878848861906,other
6693,user_84,ride-hailing trip,transport,debit,INR,6,20.0,10.0,0.09257194629989487,other
6694,user_84,shared housing rent,rent,debit,INR,6,31.0,1.0,0.0,monthly_candidate
6696,user_84,takeaway order,dining,debit,INR,4,35.0,17.5,0.1223459737563474,other
6698,user_84,vehicle charging,transport,debit,INR,4,50.0,32.5,0.09228593448927264,other
6699,user_84,vehicle insurance premium,insurance,debit,INR,5,30.5,1.5,0.0,monthly_candidate
6700,user_84,weekend food delivery,dining,debit,INR,4,21.0,24.5,0.11994041866525323,other
6701,user_85,apartment rent transfer,rent,debit,IDR,6,31.0,1.0,0.0,monthly_candidate
6707,user_85,fitness club membership,gym,debit,IDR,5,31.0,0.25,0.0,monthly_candidate
6709,user_85,fuel refill,transport,debit,IDR,4,42.0,24.5,0.08934517011778684,other
6710,user_85,grocery delivery,groceries,debit,IDR,9,10.5,15.75,0.12694826366622958,other
6711,user_85,grocery delivery membership,delivery_membership,debit,IDR,5,31.0,0.25,0.0,monthly_candidate
6713,user_85,local event tickets,entertainment,debit,IDR,5,31.0,0.25,0.08949948665873668,monthly_candidate
6715,user_85,metro and bus fares,transport,debit,IDR,5,24.5,21.0,0.18748301591420968,other
6716,user_85,municipal utilities,utilities,debit,IDR,5,31.0,0.25,0.05938707503552625,monthly_candidate
6717,user_85,music service subscription,music_subscription,debit,IDR,5,31.0,0.25,0.0,monthly_candidate
6718,user_85,neighbourhood grocer,groceries,debit,IDR,4,35.0,17.5,0.14133592763389907,other
6721,user_85,payroll credit,salary,credit,IDR,5,31.0,0.25,0.15447232612146167,monthly_candidate
6724,user_85,ride-hailing trip,transport,debit,IDR,5,17.5,14.0,0.09283580211082104,other
6727,user_85,vehicle charging,transport,debit,IDR,6,14.0,21.0,0.14344217475464965,other
6732,user_86,dependent care payment,family_support,debit,INR,5,30.5,1.0,0.0,monthly_candidate
6733,user_86,diagnostic test,healthcare,debit,INR,5,30.5,1.0,0.055464502062748666,monthly_candidate
6737,user_86,household groceries,groceries,debit,INR,5,45.5,33.25,0.05609312070886729,other
6738,user_86,loan repayment,debt_repayment,debit,INR,5,30.5,1.0,0.0,monthly_candidate
6741,user_86,municipal utilities,utilities,debit,INR,5,30.5,1.0,0.04348336113954226,monthly_candidate
6742,user_86,neighbourhood grocer,groceries,debit,INR,6,28.0,21.0,0.11622778170342757,monthly_candidate
6743,user_86,online retail purchases,shopping,debit,INR,5,30.5,1.0,0.06573997333145974,monthly_candidate
6745,user_86,payroll credit,salary,credit,INR,5,31.0,2.0,0.0,monthly_candidate
6746,user_86,residential rent payment,rent,debit,INR,5,30.5,1.0,0.0,monthly_candidate
6747,user_86,shared storage plan,cloud_storage,debit,INR,5,30.5,1.0,0.0,monthly_candidate
6752,user_87,bulk pantry shop,groceries,debit,INR,6,20.0,10.0,0.1463410519631267,other
6753,user_87,coffee shop,dining,debit,INR,4,28.0,7.0,0.13764552417981782,monthly_candidate
6754,user_87,commuter pass,transport,debit,INR,4,40.0,27.5,0.12027292462076561,other
6755,user_87,electricity bill,utilities,debit,INR,5,30.5,1.0,0.039670938052191844,monthly_candidate
6759,user_87,health insurance premium,insurance,debit,INR,5,30.5,1.0,0.0,monthly_candidate
6761,user_87,landlord standing order,rent,debit,INR,6,31.0,1.0,0.0,monthly_candidate
6763,user_87,local taxi,transport,debit,INR,4,40.0,37.5,0.18402715751266746,other
6765,user_87,metro and bus fares,transport,debit,INR,4,25.0,15.0,0.13439744334919798,other
6766,user_87,monthly entertainment spend,entertainment,debit,INR,5,30.5,1.0,0.056076965929563835,monthly_candidate
6767,user_87,monthly shopping spend,shopping,debit,INR,5,30.5,1.0,0.05533767632308257,monthly_candidate
6768,user_87,neighbourhood grocer,groceries,debit,INR,4,60.0,20.0,0.05053959669401068,other
6770,user_87,parking and tolls,transport,debit,INR,10,15.0,20.0,0.11185524506144932,other
6773,user_87,quick-service meal,dining,debit,INR,4,28.0,38.5,0.15841757208377794,monthly_candidate
6774,user_87,rail pass,transport,debit,INR,4,25.0,15.0,0.13333213915126,other
6775,user_87,ride-hailing trip,transport,debit,INR,4,20.0,37.5,0.10522946817025507,other
6776,user_87,shared storage plan,cloud_storage,debit,INR,5,30.5,1.0,0.0,monthly_candidate
6777,user_87,streaming subscription,streaming,debit,INR,5,30.5,1.0,0.0,monthly_candidate
6779,user_87,takeaway order,dining,debit,INR,5,14.0,19.25,0.17821225448945227,other
6781,user_87,weekend food delivery,dining,debit,INR,6,14.0,35.0,0.1226333264760761,other
6785,user_88,education loan instalment,debt_repayment,debit,ZAR,5,30.5,1.25,0.0,monthly_candidate
6793,user_88,monthly rent,rent,debit,ZAR,6,31.0,1.0,0.0,monthly_candidate
6794,user_88,music service subscription,music_subscription,debit,ZAR,5,30.5,1.25,0.0,monthly_candidate
6798,user_88,payroll credit,salary,credit,ZAR,5,30.5,1.25,0.0,monthly_candidate
6805,user_88,water and power payment,utilities,debit,ZAR,6,31.0,1.0,0.039646876177727976,monthly_candidate
6807,user_89,bulk pantry shop,groceries,debit,IDR,4,35.0,7.0,0.02964967037156378,other
6808,user_89,coffee shop,dining,debit,IDR,5,21.0,21.0,0.14311062635900088,other
6810,user_89,credit card repayment,debt_repayment,debit,IDR,5,30.5,1.0,0.0,monthly_candidate
6813,user_89,fuel refill,transport,debit,IDR,5,21.0,31.5,0.12467920607913964,other
6815,user_89,household groceries,groceries,debit,IDR,5,35.0,43.75,0.10597102129359463,other
6816,user_89,local taxi,transport,debit,IDR,5,21.0,19.25,0.06862070882467543,other
6819,user_89,monthly shopping spend,shopping,debit,IDR,5,30.5,1.0,0.032317200842541444,monthly_candidate
6820,user_89,municipal utilities,utilities,debit,IDR,5,30.5,1.0,0.07858277884554099,monthly_candidate
6821,user_89,neighbourhood grocer,groceries,debit,IDR,5,14.0,10.5,0.16693541020007902,other
6823,user_89,online backup subscription,cloud_storage,debit,IDR,5,30.5,1.0,0.0,monthly_candidate
6824,user_89,parking and tolls,transport,debit,IDR,4,35.0,28.0,0.21786995600208273,other
6825,user_89,payroll credit,salary,credit,IDR,5,30.5,1.0,0.0,monthly_candidate
6829,user_89,shared housing rent,rent,debit,IDR,6,31.0,1.0,0.0,monthly_candidate
6833,user_89,video streaming plan,streaming,debit,IDR,5,30.5,1.0,0.0,monthly_candidate
6835,user_89,weekly produce market,groceries,debit,IDR,4,35.0,24.5,0.1081626203115388,other
6838,user_90,cloud storage plan,cloud_storage,debit,ZAR,5,30.5,1.5,0.0,monthly_candidate
6843,user_90,electricity and water bill,utilities,debit,ZAR,5,30.5,1.5,0.04528202719225135,monthly_candidate
6847,user_90,grocery delivery,groceries,debit,ZAR,4,50.0,35.0,0.21124943744485158,other
6848,user_90,household groceries,groceries,debit,ZAR,4,60.0,15.0,0.07469490034742914,other
6852,user_90,monthly rent,rent,debit,ZAR,6,30.0,1.0,0.0,monthly_candidate
6855,user_90,personal shopping,shopping,debit,ZAR,5,30.5,1.5,0.07328091725035973,monthly_candidate
6857,user_90,streaming subscription,streaming,debit,ZAR,5,30.5,1.5,0.0,monthly_candidate
6860,user_90,vehicle charging,transport,debit,ZAR,4,21.0,10.5,0.15354883353238596,other
6864,user_91,bulk pantry shop,groceries,debit,EUR,5,24.5,21.0,0.17581184204207856,other
6866,user_91,education loan instalment,debt_repayment,debit,EUR,5,30.5,1.0,0.0,monthly_candidate
6867,user_91,electricity bill,utilities,debit,EUR,5,30.5,1.0,0.05530149183905049,monthly_candidate
6870,user_91,fuel refill,transport,debit,EUR,5,17.5,8.75,0.19642841909590655,other
6872,user_91,household groceries,groceries,debit,EUR,4,21.0,7.0,0.1472116475401615,other
6873,user_91,local market purchase,groceries,debit,EUR,4,42.0,28.0,0.11001193533211918,other
6874,user_91,local taxi,transport,debit,EUR,4,28.0,24.5,0.12229770640822521,monthly_candidate
6879,user_91,online backup subscription,cloud_storage,debit,EUR,5,30.5,1.0,0.0,monthly_candidate
6880,user_91,online retail purchases,shopping,debit,EUR,5,30.5,1.0,0.06000835665378148,monthly_candidate
6882,user_91,payroll credit,salary,credit,EUR,5,30.5,1.0,0.0,monthly_candidate
6886,user_91,shared housing rent,rent,debit,EUR,5,30.5,1.0,0.0,monthly_candidate
6887,user_91,streaming subscription,streaming,debit,EUR,5,30.5,1.0,0.0,monthly_candidate
6892,user_91,weekly produce market,groceries,debit,EUR,5,21.0,14.0,0.06159568000248405,other
6895,user_92,base salary,salary,credit,ZAR,5,30.5,1.0,0.0,monthly_candidate
6896,user_92,child education fee,education,debit,ZAR,5,30.5,1.0,0.0,monthly_candidate
6897,user_92,clinic payment,healthcare,debit,ZAR,5,30.5,1.0,0.04167913085275609,monthly_candidate
6898,user_92,commuter pass,transport,debit,ZAR,4,28.0,7.0,0.12311366508093582,monthly_candidate
6899,user_92,energy provider bill,utilities,debit,ZAR,5,30.5,1.0,0.05702008999129339,monthly_candidate
6901,user_92,fresh food shop,groceries,debit,ZAR,4,20.0,55.0,0.1129887478495436,other
6903,user_92,health insurance premium,insurance,debit,ZAR,5,30.5,1.0,0.0,monthly_candidate
6904,user_92,home association fee,housing,debit,ZAR,6,31.0,1.0,0.0,monthly_candidate
6906,user_92,local event tickets,entertainment,debit,ZAR,5,30.5,1.0,0.050159600857283715,monthly_candidate
6907,user_92,local market purchase,groceries,debit,ZAR,4,20.0,5.0,0.07310431988401775,other
6908,user_92,local taxi,transport,debit,ZAR,4,42.0,21.0,0.09845014908120193,other
6917,user_92,shared storage plan,cloud_storage,debit,ZAR,5,30.5,1.0,0.0,monthly_candidate
6920,user_93,apartment rent transfer,rent,debit,USD,6,31.0,1.0,1.4056236117905047e-16,monthly_candidate
6923,user_93,electricity bill,utilities,debit,USD,6,31.0,1.0,0.06914886647886112,monthly_candidate
6934,user_93,online backup subscription,cloud_storage,debit,USD,5,30.5,1.5,0.0,monthly_candidate
6935,user_93,online retail purchases,shopping,debit,USD,5,30.5,1.5,0.08363792198654196,monthly_candidate
6936,user_93,payroll credit,salary,credit,USD,5,30.5,1.5,0.0,monthly_candidate
6939,user_93,supermarket basket,groceries,debit,USD,4,40.0,45.0,0.17968920348967668,other
6942,user_93,video streaming plan,streaming,debit,USD,5,30.5,1.5,0.0,monthly_candidate
6943,user_93,weekly produce market,groceries,debit,USD,4,30.0,15.0,0.07102290350591015,monthly_candidate
6947,user_94,clothing and household items,shopping,debit,EUR,5,31.0,0.25,0.034049735109965194,monthly_candidate
6954,user_94,household groceries,groceries,debit,EUR,5,40.0,22.5,0.1513761073668575,other
6956,user_94,local market purchase,groceries,debit,EUR,4,30.0,5.0,0.20151523866607007,monthly_candidate
6959,user_94,monthly rent,rent,debit,EUR,6,31.0,1.0,1.9799170623757584e-16,monthly_candidate
6960,user_94,municipal utilities,utilities,debit,EUR,5,31.0,0.25,0.04933471985860349,monthly_candidate
6963,user_94,parking and tolls,transport,debit,EUR,4,42.0,21.0,0.12992470577133747,other
6965,user_94,shared storage plan,cloud_storage,debit,EUR,5,31.0,0.25,0.0,monthly_candidate
6966,user_94,streaming subscription,streaming,debit,EUR,5,31.0,0.25,0.0,monthly_candidate
6973,user_95,childcare contribution,family_support,debit,INR,5,31.0,0.75,0.0,monthly_candidate
6978,user_95,household groceries,groceries,debit,INR,5,35.0,22.75,0.17394483005269246,other
6979,user_95,local market purchase,groceries,debit,INR,5,28.0,7.0,0.1378822832774948,monthly_candidate
6981,user_95,monthly shopping spend,shopping,debit,INR,5,31.0,0.75,0.0773154625769373,monthly_candidate
6982,user_95,municipal utilities,utilities,debit,INR,5,31.0,0.75,0.0388853006357446,monthly_candidate
6984,user_95,online backup subscription,cloud_storage,debit,INR,5,31.0,0.75,0.0,monthly_candidate
6986,user_95,payroll credit,salary,credit,INR,5,31.0,2.75,0.0,monthly_candidate
6988,user_95,residential rent payment,rent,debit,INR,6,31.0,1.0,0.0,monthly_candidate
6991,user_95,therapy appointment,healthcare,debit,INR,5,31.0,0.75,0.03662491445191436,monthly_candidate
6993,user_95,vehicle loan payment,debt_repayment,debit,INR,5,31.0,0.75,0.0,monthly_candidate
6995,user_96,apartment rent transfer,rent,debit,INR,6,31.0,1.0,0.0,monthly_candidate
6997,user_96,bulk pantry shop,groceries,debit,INR,6,35.0,35.0,0.19038569557696533,other
6998,user_96,child education fee,education,debit,INR,5,30.5,1.0,0.0,monthly_candidate
7001,user_96,food delivery membership,delivery_membership,debit,INR,5,30.5,1.0,0.0,monthly_candidate
7002,user_96,fresh food shop,groceries,debit,INR,4,49.0,10.5,0.04487817245994604,other
7004,user_96,grocery delivery,groceries,debit,INR,6,21.0,21.0,0.17798632121047944,other
7005,user_96,household groceries,groceries,debit,INR,4,14.0,59.5,0.17039247762193963,other
7006,user_96,loan repayment,debt_repayment,debit,INR,5,30.5,1.0,0.0,monthly_candidate
7008,user_96,local taxi,transport,debit,INR,5,38.5,36.75,0.13627358610070725,other
7009,user_96,lunch with colleagues,dining,debit,INR,4,14.0,28.0,0.16679820670900455,other
7010,user_96,metro and bus fares,transport,debit,INR,6,42.0,28.0,0.20299168994714706,other
7011,user_96,municipal utilities,utilities,debit,INR,5,30.5,1.0,0.07504191844981055,monthly_candidate
7012,user_96,music service subscription,music_subscription,debit,INR,5,30.5,1.0,0.0,monthly_candidate
7014,user_96,parking and tolls,transport,debit,INR,4,28.0,3.5,0.1661757909386603,monthly_candidate
7023,user_97,audio streaming plan,music_subscription,debit,ZAR,5,31.0,0.25,0.0,monthly_candidate
7029,user_97,fuel refill,transport,debit,ZAR,4,42.0,10.5,0.14461273853098958,other
7031,user_97,household groceries,groceries,debit,ZAR,4,56.0,21.0,0.16953453660637993,other
7032,user_97,landlord standing order,rent,debit,ZAR,6,31.0,1.0,0.0,monthly_candidate
7033,user_97,loan repayment,debt_repayment,debit,ZAR,5,31.0,0.25,0.0,monthly_candidate
7038,user_97,previous employer payroll,salary,credit,ZAR,4,31.0,0.5,0.0,monthly_candidate
7042,user_97,water and power payment,utilities,debit,ZAR,5,31.0,0.25,0.07837889758191488,monthly_candidate
7046,user_98,coffee shop,dining,debit,ZAR,6,21.0,28.0,0.16894183695423254,other
7047,user_98,commuter pass,transport,debit,ZAR,4,25.0,17.5,0.10081618902550263,other
7048,user_98,energy provider bill,utilities,debit,ZAR,5,30.5,1.0,0.053727217145056384,monthly_candidate
7052,user_98,games and recreation,entertainment,debit,ZAR,5,30.5,1.0,0.06665533856964333,monthly_candidate
7054,user_98,household groceries,groceries,debit,ZAR,4,50.0,35.0,0.10992582256579045,other
7055,user_98,household shopping,shopping,debit,ZAR,5,30.5,1.0,0.06356137190666067,monthly_candidate
7056,user_98,international employer payroll,salary,credit,EUR,5,30.5,1.0,0.0,monthly_candidate
7058,user_98,local taxi,transport,debit,ZAR,11,7.5,22.5,0.14804181253928703,weekly_candidate
7063,user_98,parking and tolls,transport,debit,ZAR,7,12.5,20.0,0.18430883283296912,other
7064,user_98,quick-service meal,dining,debit,ZAR,5,24.5,24.5,0.1790309609455649,other
7066,user_98,residential rent payment,rent,debit,ZAR,6,31.0,1.0,0.0,monthly_candidate
7068,user_98,shared storage plan,cloud_storage,debit,ZAR,5,30.5,1.0,0.0,monthly_candidate
7072,user_98,vehicle insurance premium,insurance,debit,ZAR,5,30.5,1.0,0.0,monthly_candidate
7073,user_98,video streaming plan,streaming,debit,ZAR,5,30.5,1.0,0.0,monthly_candidate
7077,user_99,building maintenance payment,housing,debit,ZAR,5,30.5,1.5,0.0,monthly_candidate
7080,user_99,family dinner,dining,debit,ZAR,4,28.0,56.0,0.11001113758878078,monthly_candidate
7081,user_99,family streaming plan,streaming,debit,ZAR,5,30.5,1.5,0.0,monthly_candidate
7084,user_99,grocery delivery,groceries,debit,ZAR,5,45.0,17.5,0.14721281589707522,other
7086,user_99,local market purchase,groceries,debit,ZAR,4,30.0,5.0,0.13264203686458315,monthly_candidate
7091,user_99,payroll credit,salary,credit,ZAR,5,30.5,1.5,0.0,monthly_candidate
7094,user_99,therapy appointment,healthcare,debit,ZAR,5,30.5,1.5,0.059427948912193065,monthly_candidate
7095,user_99,vehicle insurance premium,insurance,debit,ZAR,5,30.5,1.5,0.0,monthly_candidate
7096,user_99,water and power payment,utilities,debit,ZAR,5,30.5,1.5,0.05845878765719331,monthly_candidate
7097,user_99,weekend food delivery,dining,debit,ZAR,4,14.0,28.0,0.059342854486709305,other
